{
  "mode": "fixed_model_shifted",
  "formula": "L(D) = E + B / (D + C)^beta",
  "huber_loss": 0.0005471514076328462,
  "parameters": {
    "E": 2.3333294834032934,
    "B": 162754.79141900392,
    "beta": 0.5285529260678012,
    "C": 141937343.28261626
  },
  "data": "/mnt/vilab/scratch/ali/multimodal-datasets-project/fourm-df/tools/scaling_laws/results/4m-s_cc12m_mod7/csvs/tok_rgb@224_to_det.csv",
  "fit_config": {
    "grid_size": 100,
    "delta": 0.001,
    "seed": 42
  },
  "n_zero_tokens": 1,
  "L_at_D_0": 10.326502861261515
}
