{
  "mode": "fixed_model_shifted",
  "formula": "L(D) = E + B / (D + C)^beta",
  "huber_loss": 7.930911560111137e-05,
  "parameters": {
    "E": 4.906295524209109,
    "B": 31228.78099036865,
    "beta": 0.4242501036555066,
    "C": 1339116928.826471
  },
  "data": "/mnt/vilab/scratch/ali/multimodal-datasets-project/fourm-df/tools/scaling_laws/results/4m-b_cc12m_mod7/csvs/tok_rgb@224_to_tok_depth@224.csv",
  "fit_config": {
    "grid_size": 100,
    "delta": 0.001,
    "seed": 42
  },
  "n_zero_tokens": 1,
  "L_at_D_0": 9.099068400129866
}
