{
    "[X-Task Eval (cc12m)] loss": 2.9474043003268564,
    "[X-Task Eval (cc12m)] caption->det": 3.218792777234754,
    "[X-Task Eval (cc12m)] caption->tok_clip@224": 7.173454296284209,
    "[X-Task Eval (cc12m)] caption->tok_depth@224": 6.294305288753571,
    "[X-Task Eval (cc12m)] caption->tok_normal@224": 6.893089238827983,
    "[X-Task Eval (cc12m)] caption->tok_rgb@224": 8.462694101059398,
    "[X-Task Eval (cc12m)] caption->tok_semseg@224": 5.582181153872523,
    "[X-Task Eval (cc12m)] det->caption": 2.8800978027403166,
    "[X-Task Eval (cc12m)] det->tok_clip@224": 7.123725604706298,
    "[X-Task Eval (cc12m)] det->tok_depth@224": 6.223068823258336,
    "[X-Task Eval (cc12m)] det->tok_normal@224": 6.827300603206927,
    "[X-Task Eval (cc12m)] det->tok_rgb@224": 8.422895096551876,
    "[X-Task Eval (cc12m)] det->tok_semseg@224": 5.47664327981373,
    "[X-Task Eval (cc12m)] rgb@224->caption": 2.491783015834638,
    "[X-Task Eval (cc12m)] rgb@224->det": 2.2011001606385547,
    "[X-Task Eval (cc12m)] rgb@224->tok_clip@224": 5.925788127766631,
    "[X-Task Eval (cc12m)] rgb@224->tok_depth@224": 5.447701506150035,
    "[X-Task Eval (cc12m)] rgb@224->tok_normal@224": 6.0045001998115275,
    "[X-Task Eval (cc12m)] rgb@224->tok_semseg@224": 4.875027627705005,
    "[X-Task Eval (cc12m)] tok_clip@224->caption": 2.437114314387401,
    "[X-Task Eval (cc12m)] tok_clip@224->det": 2.4087987130347153,
    "[X-Task Eval (cc12m)] tok_clip@224->tok_depth@224": 5.904369402807742,
    "[X-Task Eval (cc12m)] tok_clip@224->tok_normal@224": 6.515293105532186,
    "[X-Task Eval (cc12m)] tok_clip@224->tok_rgb@224": 7.928180739331169,
    "[X-Task Eval (cc12m)] tok_clip@224->tok_semseg@224": 5.226514577770385,
    "[X-Task Eval (cc12m)] tok_depth@224->caption": 2.558424667618907,
    "[X-Task Eval (cc12m)] tok_depth@224->det": 2.512914215723356,
    "[X-Task Eval (cc12m)] tok_depth@224->tok_clip@224": 6.8869358605851,
    "[X-Task Eval (cc12m)] tok_depth@224->tok_normal@224": 6.436475124031591,
    "[X-Task Eval (cc12m)] tok_depth@224->tok_rgb@224": 8.133789413272382,
    "[X-Task Eval (cc12m)] tok_depth@224->tok_semseg@224": 5.200422022575006,
    "[X-Task Eval (cc12m)] tok_normal@224->caption": 2.5380046191973427,
    "[X-Task Eval (cc12m)] tok_normal@224->det": 2.489569009611972,
    "[X-Task Eval (cc12m)] tok_normal@224->tok_clip@224": 6.849808137447308,
    "[X-Task Eval (cc12m)] tok_normal@224->tok_depth@224": 5.756602336423466,
    "[X-Task Eval (cc12m)] tok_normal@224->tok_rgb@224": 8.069106431624379,
    "[X-Task Eval (cc12m)] tok_normal@224->tok_semseg@224": 5.2236577577103445,
    "[X-Task Eval (cc12m)] tok_rgb@224->caption": 2.5158719128598803,
    "[X-Task Eval (cc12m)] tok_rgb@224->det": 2.5333525415617055,
    "[X-Task Eval (cc12m)] tok_rgb@224->tok_clip@224": 6.593398810765994,
    "[X-Task Eval (cc12m)] tok_rgb@224->tok_depth@224": 5.824267900028167,
    "[X-Task Eval (cc12m)] tok_rgb@224->tok_normal@224": 6.407378569578591,
    "[X-Task Eval (cc12m)] tok_rgb@224->tok_semseg@224": 5.176857659420647,
    "[X-Task Eval (cc12m)] tok_semseg@224->caption": 2.5491910984340946,
    "[X-Task Eval (cc12m)] tok_semseg@224->det": 2.3010498627591818,
    "[X-Task Eval (cc12m)] tok_semseg@224->tok_clip@224": 6.9021557190547735,
    "[X-Task Eval (cc12m)] tok_semseg@224->tok_depth@224": 5.87756452107201,
    "[X-Task Eval (cc12m)] tok_semseg@224->tok_normal@224": 6.565560860184435,
    "[X-Task Eval (cc12m)] tok_semseg@224->tok_rgb@224": 8.158133584851274
}