{
    "[X-Task Eval (cc12m)] loss": 3.7223504359344926,
    "[X-Task Eval (cc12m)] caption->det": 4.125238797535149,
    "[X-Task Eval (cc12m)] caption->tok_clip@224": 8.309543281317518,
    "[X-Task Eval (cc12m)] caption->tok_depth@224": 7.121730900039307,
    "[X-Task Eval (cc12m)] caption->tok_normal@224": 7.462309400113627,
    "[X-Task Eval (cc12m)] caption->tok_rgb@224": 9.042647533142528,
    "[X-Task Eval (cc12m)] caption->tok_semseg@224": 6.762951385098905,
    "[X-Task Eval (cc12m)] det->caption": 4.816235111925168,
    "[X-Task Eval (cc12m)] det->tok_clip@224": 8.308531722321678,
    "[X-Task Eval (cc12m)] det->tok_depth@224": 7.125292702604788,
    "[X-Task Eval (cc12m)] det->tok_normal@224": 7.471160597313707,
    "[X-Task Eval (cc12m)] det->tok_rgb@224": 9.044334858751144,
    "[X-Task Eval (cc12m)] det->tok_semseg@224": 6.75607438590199,
    "[X-Task Eval (cc12m)] rgb@224->caption": 4.717352648893485,
    "[X-Task Eval (cc12m)] rgb@224->det": 4.035138605120845,
    "[X-Task Eval (cc12m)] rgb@224->tok_clip@224": 7.848675104756706,
    "[X-Task Eval (cc12m)] rgb@224->tok_depth@224": 6.988206490921898,
    "[X-Task Eval (cc12m)] rgb@224->tok_normal@224": 7.312472139684537,
    "[X-Task Eval (cc12m)] rgb@224->tok_semseg@224": 6.571985743678035,
    "[X-Task Eval (cc12m)] tok_clip@224->caption": 4.572879542938818,
    "[X-Task Eval (cc12m)] tok_clip@224->det": 3.8947924663083624,
    "[X-Task Eval (cc12m)] tok_clip@224->tok_depth@224": 7.030426343409017,
    "[X-Task Eval (cc12m)] tok_clip@224->tok_normal@224": 7.368378794993075,
    "[X-Task Eval (cc12m)] tok_clip@224->tok_rgb@224": 8.955729508933167,
    "[X-Task Eval (cc12m)] tok_clip@224->tok_semseg@224": 6.63797344681554,
    "[X-Task Eval (cc12m)] tok_depth@224->caption": 4.607841496650403,
    "[X-Task Eval (cc12m)] tok_depth@224->det": 3.9394356290372414,
    "[X-Task Eval (cc12m)] tok_depth@224->tok_clip@224": 8.189732383996153,
    "[X-Task Eval (cc12m)] tok_depth@224->tok_normal@224": 7.358245752870846,
    "[X-Task Eval (cc12m)] tok_depth@224->tok_rgb@224": 9.010882009713413,
    "[X-Task Eval (cc12m)] tok_depth@224->tok_semseg@224": 6.661087439844784,
    "[X-Task Eval (cc12m)] tok_normal@224->caption": 4.612344463031513,
    "[X-Task Eval (cc12m)] tok_normal@224->det": 3.95978616735044,
    "[X-Task Eval (cc12m)] tok_normal@224->tok_clip@224": 8.236574831862038,
    "[X-Task Eval (cc12m)] tok_normal@224->tok_depth@224": 7.067675231744687,
    "[X-Task Eval (cc12m)] tok_normal@224->tok_rgb@224": 9.021741848784133,
    "[X-Task Eval (cc12m)] tok_normal@224->tok_semseg@224": 6.713614171305403,
    "[X-Task Eval (cc12m)] tok_rgb@224->caption": 4.6074185125744,
    "[X-Task Eval (cc12m)] tok_rgb@224->det": 3.95151042500243,
    "[X-Task Eval (cc12m)] tok_rgb@224->tok_clip@224": 8.219361006261442,
    "[X-Task Eval (cc12m)] tok_rgb@224->tok_depth@224": 7.073173924756888,
    "[X-Task Eval (cc12m)] tok_rgb@224->tok_normal@224": 7.398943089829467,
    "[X-Task Eval (cc12m)] tok_rgb@224->tok_semseg@224": 6.721960316450832,
    "[X-Task Eval (cc12m)] tok_semseg@224->caption": 4.621118379096254,
    "[X-Task Eval (cc12m)] tok_semseg@224->det": 3.918986230422133,
    "[X-Task Eval (cc12m)] tok_semseg@224->tok_clip@224": 8.212708568039794,
    "[X-Task Eval (cc12m)] tok_semseg@224->tok_depth@224": 7.051374542827423,
    "[X-Task Eval (cc12m)] tok_semseg@224->tok_normal@224": 7.414406135440253,
    "[X-Task Eval (cc12m)] tok_semseg@224->tok_rgb@224": 9.021827047244429
}