{
    "[X-Task Eval (cc12m)] loss": 3.597896681171153,
    "[X-Task Eval (cc12m)] caption->det": 4.455450163100855,
    "[X-Task Eval (cc12m)] caption->tok_clip@224": 7.963723664466565,
    "[X-Task Eval (cc12m)] caption->tok_depth@224": 6.963989252099595,
    "[X-Task Eval (cc12m)] caption->tok_normal@224": 7.301581794842363,
    "[X-Task Eval (cc12m)] caption->tok_rgb@224": 8.871152285188913,
    "[X-Task Eval (cc12m)] caption->tok_semseg@224": 6.4966944791257575,
    "[X-Task Eval (cc12m)] det->caption": 4.8549363312248985,
    "[X-Task Eval (cc12m)] det->tok_clip@224": 7.963586822866251,
    "[X-Task Eval (cc12m)] det->tok_depth@224": 6.957548675445703,
    "[X-Task Eval (cc12m)] det->tok_normal@224": 7.298733470158075,
    "[X-Task Eval (cc12m)] det->tok_rgb@224": 8.87540363275205,
    "[X-Task Eval (cc12m)] det->tok_semseg@224": 6.504003450893365,
    "[X-Task Eval (cc12m)] rgb@224->caption": 4.991111912285558,
    "[X-Task Eval (cc12m)] rgb@224->det": 4.205394431805839,
    "[X-Task Eval (cc12m)] rgb@224->tok_clip@224": 7.494911441787744,
    "[X-Task Eval (cc12m)] rgb@224->tok_depth@224": 6.784575239157143,
    "[X-Task Eval (cc12m)] rgb@224->tok_normal@224": 7.088287714952097,
    "[X-Task Eval (cc12m)] rgb@224->tok_semseg@224": 6.298780764634617,
    "[X-Task Eval (cc12m)] tok_clip@224->caption": 4.332788251078548,
    "[X-Task Eval (cc12m)] tok_clip@224->det": 3.3912849984229942,
    "[X-Task Eval (cc12m)] tok_clip@224->tok_depth@224": 6.7989199115826295,
    "[X-Task Eval (cc12m)] tok_clip@224->tok_normal@224": 7.149840763963449,
    "[X-Task Eval (cc12m)] tok_clip@224->tok_rgb@224": 8.679877478855486,
    "[X-Task Eval (cc12m)] tok_clip@224->tok_semseg@224": 6.341475636052628,
    "[X-Task Eval (cc12m)] tok_depth@224->caption": 4.446586114720414,
    "[X-Task Eval (cc12m)] tok_depth@224->det": 3.5161197006511995,
    "[X-Task Eval (cc12m)] tok_depth@224->tok_clip@224": 7.843740953424106,
    "[X-Task Eval (cc12m)] tok_depth@224->tok_normal@224": 7.1511651909770295,
    "[X-Task Eval (cc12m)] tok_depth@224->tok_rgb@224": 8.802599354673879,
    "[X-Task Eval (cc12m)] tok_depth@224->tok_semseg@224": 6.393147857044451,
    "[X-Task Eval (cc12m)] tok_normal@224->caption": 4.421456816668709,
    "[X-Task Eval (cc12m)] tok_normal@224->det": 3.51141647418467,
    "[X-Task Eval (cc12m)] tok_normal@224->tok_clip@224": 7.843585328553051,
    "[X-Task Eval (cc12m)] tok_normal@224->tok_depth@224": 6.821251937756523,
    "[X-Task Eval (cc12m)] tok_normal@224->tok_rgb@224": 8.789610627360238,
    "[X-Task Eval (cc12m)] tok_normal@224->tok_semseg@224": 6.416148584109907,
    "[X-Task Eval (cc12m)] tok_rgb@224->caption": 4.435015058174682,
    "[X-Task Eval (cc12m)] tok_rgb@224->det": 3.533908751825936,
    "[X-Task Eval (cc12m)] tok_rgb@224->tok_clip@224": 7.746215220838309,
    "[X-Task Eval (cc12m)] tok_rgb@224->tok_depth@224": 6.867550823635186,
    "[X-Task Eval (cc12m)] tok_rgb@224->tok_normal@224": 7.199193209504929,
    "[X-Task Eval (cc12m)] tok_rgb@224->tok_semseg@224": 6.412782253929601,
    "[X-Task Eval (cc12m)] tok_semseg@224->caption": 4.408743010923123,
    "[X-Task Eval (cc12m)] tok_semseg@224->det": 3.398938602342392,
    "[X-Task Eval (cc12m)] tok_semseg@224->tok_clip@224": 7.7851439097438,
    "[X-Task Eval (cc12m)] tok_semseg@224->tok_depth@224": 6.806398400102561,
    "[X-Task Eval (cc12m)] tok_semseg@224->tok_normal@224": 7.158085289854592,
    "[X-Task Eval (cc12m)] tok_semseg@224->tok_rgb@224": 8.762163850065237
}