{
  "mode": "fixed_model_shifted",
  "formula": "L(D) = E + B / (D + C)^beta",
  "huber_loss": 6.42362408034416e-05,
  "parameters": {
    "E": 1.7118541984832196,
    "B": 1856.9233222655957,
    "beta": 0.30192063792632023,
    "C": 53854101.47896002
  },
  "data": "/mnt/vilab/scratch/ali/multimodal-datasets-project/fourm-df/tools/scaling_laws/results/4m-b_cc12m_mod7/csvs/tok_clip@224_to_det.csv",
  "fit_config": {
    "grid_size": 100,
    "delta": 0.001,
    "seed": 42
  },
  "n_zero_tokens": 1,
  "L_at_D_0": 10.313458571835854
}
