{
    "[X-Task Eval (cc12m)] loss": 2.988407645873424,
    "[X-Task Eval (cc12m)] caption->det": 2.900848129877267,
    "[X-Task Eval (cc12m)] caption->tok_clip@224": 7.098280028413279,
    "[X-Task Eval (cc12m)] caption->tok_depth@224": 6.211625878041545,
    "[X-Task Eval (cc12m)] caption->tok_normal@224": 6.843206847056794,
    "[X-Task Eval (cc12m)] caption->tok_rgb@224": 8.417654334165798,
    "[X-Task Eval (cc12m)] caption->tok_semseg@224": 5.481370855063295,
    "[X-Task Eval (cc12m)] det->caption": 2.325381148451814,
    "[X-Task Eval (cc12m)] det->tok_clip@224": 7.045568078089826,
    "[X-Task Eval (cc12m)] det->tok_depth@224": 6.130066033750296,
    "[X-Task Eval (cc12m)] det->tok_normal@224": 6.772368908690187,
    "[X-Task Eval (cc12m)] det->tok_rgb@224": 8.368726855649735,
    "[X-Task Eval (cc12m)] det->tok_semseg@224": 5.373087653527245,
    "[X-Task Eval (cc12m)] rgb@224->caption": 2.39016349294696,
    "[X-Task Eval (cc12m)] rgb@224->det": 3.5601389764216,
    "[X-Task Eval (cc12m)] rgb@224->tok_clip@224": 5.74748070247638,
    "[X-Task Eval (cc12m)] rgb@224->tok_depth@224": 5.264919173984101,
    "[X-Task Eval (cc12m)] rgb@224->tok_normal@224": 5.876700329323546,
    "[X-Task Eval (cc12m)] rgb@224->tok_semseg@224": 4.707550106528468,
    "[X-Task Eval (cc12m)] tok_clip@224->caption": 2.3759795360671827,
    "[X-Task Eval (cc12m)] tok_clip@224->det": 3.69957135870053,
    "[X-Task Eval (cc12m)] tok_clip@224->tok_depth@224": 5.763100073360406,
    "[X-Task Eval (cc12m)] tok_clip@224->tok_normal@224": 6.428754286263317,
    "[X-Task Eval (cc12m)] tok_clip@224->tok_rgb@224": 7.8297187048025405,
    "[X-Task Eval (cc12m)] tok_clip@224->tok_semseg@224": 5.063348149148801,
    "[X-Task Eval (cc12m)] tok_depth@224->caption": 2.534168381184435,
    "[X-Task Eval (cc12m)] tok_depth@224->det": 3.812429023626894,
    "[X-Task Eval (cc12m)] tok_depth@224->tok_clip@224": 6.773117575782557,
    "[X-Task Eval (cc12m)] tok_depth@224->tok_normal@224": 6.325441496059917,
    "[X-Task Eval (cc12m)] tok_depth@224->tok_rgb@224": 8.029345039361582,
    "[X-Task Eval (cc12m)] tok_depth@224->tok_semseg@224": 5.027641880626495,
    "[X-Task Eval (cc12m)] tok_normal@224->caption": 2.5169073034780096,
    "[X-Task Eval (cc12m)] tok_normal@224->det": 3.872410308438749,
    "[X-Task Eval (cc12m)] tok_normal@224->tok_clip@224": 6.736339229364365,
    "[X-Task Eval (cc12m)] tok_normal@224->tok_depth@224": 5.57547617948855,
    "[X-Task Eval (cc12m)] tok_normal@224->tok_rgb@224": 7.962214832869582,
    "[X-Task Eval (cc12m)] tok_normal@224->tok_semseg@224": 5.050899191024585,
    "[X-Task Eval (cc12m)] tok_rgb@224->caption": 2.5316759952531456,
    "[X-Task Eval (cc12m)] tok_rgb@224->det": 4.01203296816768,
    "[X-Task Eval (cc12m)] tok_rgb@224->tok_clip@224": 6.452873952472553,
    "[X-Task Eval (cc12m)] tok_rgb@224->tok_depth@224": 5.641599828061966,
    "[X-Task Eval (cc12m)] tok_rgb@224->tok_normal@224": 6.288164627437775,
    "[X-Task Eval (cc12m)] tok_rgb@224->tok_semseg@224": 4.981016984191566,
    "[X-Task Eval (cc12m)] tok_semseg@224->caption": 2.6479638674007817,
    "[X-Task Eval (cc12m)] tok_semseg@224->det": 3.823478285306559,
    "[X-Task Eval (cc12m)] tok_semseg@224->tok_clip@224": 6.797325365840437,
    "[X-Task Eval (cc12m)] tok_semseg@224->tok_depth@224": 5.726843958845534,
    "[X-Task Eval (cc12m)] tok_semseg@224->tok_normal@224": 6.4780543132331045,
    "[X-Task Eval (cc12m)] tok_semseg@224->tok_rgb@224": 8.067150993849904
}