{
  "mode": "fixed_model_shifted",
  "formula": "L(D) = E + B / (D + C)^beta",
  "huber_loss": 4.940568655153298e-05,
  "parameters": {
    "E": 5.4712332096997764,
    "B": 162754.79141900392,
    "beta": 0.49759324106563324,
    "C": 2261194733.1143804
  },
  "data": "/mnt/vilab/scratch/ali/multimodal-datasets-project/fourm-df/tools/scaling_laws/results/4m-s_cc12m_mod7/csvs/rgb@224_to_tok_clip@224.csv",
  "fit_config": {
    "grid_size": 100,
    "delta": 0.001,
    "seed": 42
  },
  "n_zero_tokens": 1,
  "L_at_D_0": 9.076010486107434
}
