{
  "mode": "fixed_model_shifted",
  "formula": "L(D) = E + B / (D + C)^beta",
  "huber_loss": 4.090268683385968e-05,
  "parameters": {
    "E": 6.208236970038967,
    "B": 162754.79141900392,
    "beta": 0.49284728263924676,
    "C": 4363279971.471513
  },
  "data": "/mnt/vilab/scratch/ali/multimodal-datasets-project/fourm-df/tools/scaling_laws/results/4m-b_cc12m_mod7/csvs/tok_depth@224_to_tok_clip@224.csv",
  "fit_config": {
    "grid_size": 100,
    "delta": 0.001,
    "seed": 42
  },
  "n_zero_tokens": 1,
  "L_at_D_0": 9.09611004048135
}
