{
  "mode": "fixed_model_shifted",
  "formula": "L(D) = E + B / (D + C)^beta",
  "huber_loss": 3.764612922965062e-05,
  "parameters": {
    "E": 6.664932492655905,
    "B": 162754.79141900392,
    "beta": 0.5012539825196921,
    "C": 4237662576.2202945
  },
  "data": "/mnt/vilab/scratch/ali/multimodal-datasets-project/fourm-df/tools/scaling_laws/results/4m-b_cc12m_mod7/csvs/caption_to_tok_clip@224.csv",
  "fit_config": {
    "grid_size": 100,
    "delta": 0.001,
    "seed": 42
  },
  "n_zero_tokens": 1,
  "L_at_D_0": 9.096567281564317
}
