{
    "[X-Task Eval (cc12m)] loss": 2.9884301759905147,
    "[X-Task Eval (cc12m)] caption->det": 2.906466547102212,
    "[X-Task Eval (cc12m)] caption->tok_clip@224": 7.098138353123832,
    "[X-Task Eval (cc12m)] caption->tok_depth@224": 6.210612958231673,
    "[X-Task Eval (cc12m)] caption->tok_normal@224": 6.848211361767766,
    "[X-Task Eval (cc12m)] caption->tok_rgb@224": 8.415690691897664,
    "[X-Task Eval (cc12m)] caption->tok_semseg@224": 5.488041533258396,
    "[X-Task Eval (cc12m)] det->caption": 2.3242318527148176,
    "[X-Task Eval (cc12m)] det->tok_clip@224": 7.044844849993246,
    "[X-Task Eval (cc12m)] det->tok_depth@224": 6.131681260590355,
    "[X-Task Eval (cc12m)] det->tok_normal@224": 6.775156367891513,
    "[X-Task Eval (cc12m)] det->tok_rgb@224": 8.368084651974444,
    "[X-Task Eval (cc12m)] det->tok_semseg@224": 5.367704190861303,
    "[X-Task Eval (cc12m)] rgb@224->caption": 2.3875309161294385,
    "[X-Task Eval (cc12m)] rgb@224->det": 3.5726333589980395,
    "[X-Task Eval (cc12m)] rgb@224->tok_clip@224": 5.751308928092067,
    "[X-Task Eval (cc12m)] rgb@224->tok_depth@224": 5.263727041098257,
    "[X-Task Eval (cc12m)] rgb@224->tok_normal@224": 5.874622811143771,
    "[X-Task Eval (cc12m)] rgb@224->tok_semseg@224": 4.7061339094044685,
    "[X-Task Eval (cc12m)] tok_clip@224->caption": 2.372043843800648,
    "[X-Task Eval (cc12m)] tok_clip@224->det": 3.6954289464333567,
    "[X-Task Eval (cc12m)] tok_clip@224->tok_depth@224": 5.763706145385584,
    "[X-Task Eval (cc12m)] tok_clip@224->tok_normal@224": 6.4290714157275115,
    "[X-Task Eval (cc12m)] tok_clip@224->tok_rgb@224": 7.826678258352006,
    "[X-Task Eval (cc12m)] tok_clip@224->tok_semseg@224": 5.066213335282505,
    "[X-Task Eval (cc12m)] tok_depth@224->caption": 2.5330786758813613,
    "[X-Task Eval (cc12m)] tok_depth@224->det": 3.808432308820109,
    "[X-Task Eval (cc12m)] tok_depth@224->tok_clip@224": 6.773607637935553,
    "[X-Task Eval (cc12m)] tok_depth@224->tok_normal@224": 6.326505596645343,
    "[X-Task Eval (cc12m)] tok_depth@224->tok_rgb@224": 8.027634255802289,
    "[X-Task Eval (cc12m)] tok_depth@224->tok_semseg@224": 5.022697083390178,
    "[X-Task Eval (cc12m)] tok_normal@224->caption": 2.5164259162288123,
    "[X-Task Eval (cc12m)] tok_normal@224->det": 3.8753195705886085,
    "[X-Task Eval (cc12m)] tok_normal@224->tok_clip@224": 6.734397097707937,
    "[X-Task Eval (cc12m)] tok_normal@224->tok_depth@224": 5.575679407523463,
    "[X-Task Eval (cc12m)] tok_normal@224->tok_rgb@224": 7.962869110579689,
    "[X-Task Eval (cc12m)] tok_normal@224->tok_semseg@224": 5.048108773871352,
    "[X-Task Eval (cc12m)] tok_rgb@224->caption": 2.5299307818706045,
    "[X-Task Eval (cc12m)] tok_rgb@224->det": 4.008143860596818,
    "[X-Task Eval (cc12m)] tok_rgb@224->tok_clip@224": 6.452395457429246,
    "[X-Task Eval (cc12m)] tok_rgb@224->tok_depth@224": 5.641340521006539,
    "[X-Task Eval (cc12m)] tok_rgb@224->tok_normal@224": 6.290038370286314,
    "[X-Task Eval (cc12m)] tok_rgb@224->tok_semseg@224": 4.986374965967081,
    "[X-Task Eval (cc12m)] tok_semseg@224->caption": 2.6485940785453725,
    "[X-Task Eval (cc12m)] tok_semseg@224->det": 3.81681298971557,
    "[X-Task Eval (cc12m)] tok_semseg@224->tok_clip@224": 6.796142898618984,
    "[X-Task Eval (cc12m)] tok_semseg@224->tok_depth@224": 5.727003716622678,
    "[X-Task Eval (cc12m)] tok_semseg@224->tok_normal@224": 6.4782780648801275,
    "[X-Task Eval (cc12m)] tok_semseg@224->tok_rgb@224": 8.06556526045449
}