{
    "[X-Task Eval (cc12m)] loss": 2.7146074509806533,
    "[X-Task Eval (cc12m)] caption->det": 2.812842855438257,
    "[X-Task Eval (cc12m)] caption->tok_clip@224": 6.904225716194786,
    "[X-Task Eval (cc12m)] caption->tok_depth@224": 5.973508821889615,
    "[X-Task Eval (cc12m)] caption->tok_normal@224": 6.7080637052798044,
    "[X-Task Eval (cc12m)] caption->tok_rgb@224": 8.260321203892985,
    "[X-Task Eval (cc12m)] caption->tok_semseg@224": 5.212067085904435,
    "[X-Task Eval (cc12m)] det->caption": 2.1405598656914107,
    "[X-Task Eval (cc12m)] det->tok_clip@224": 6.85604244108779,
    "[X-Task Eval (cc12m)] det->tok_depth@224": 5.880459146377759,
    "[X-Task Eval (cc12m)] det->tok_normal@224": 6.62318694363006,
    "[X-Task Eval (cc12m)] det->tok_rgb@224": 8.204583105187828,
    "[X-Task Eval (cc12m)] det->tok_semseg@224": 5.069827463299322,
    "[X-Task Eval (cc12m)] rgb@224->caption": 2.0429720948108088,
    "[X-Task Eval (cc12m)] rgb@224->det": 1.8281945866136886,
    "[X-Task Eval (cc12m)] rgb@224->tok_clip@224": 5.263868937857996,
    "[X-Task Eval (cc12m)] rgb@224->tok_depth@224": 4.7647598421992585,
    "[X-Task Eval (cc12m)] rgb@224->tok_normal@224": 5.475118526254599,
    "[X-Task Eval (cc12m)] rgb@224->tok_semseg@224": 4.231521488378604,
    "[X-Task Eval (cc12m)] tok_clip@224->caption": 1.9896448623067655,
    "[X-Task Eval (cc12m)] tok_clip@224->det": 2.2581938615622232,
    "[X-Task Eval (cc12m)] tok_clip@224->tok_depth@224": 5.455650240468522,
    "[X-Task Eval (cc12m)] tok_clip@224->tok_normal@224": 6.1981393005520395,
    "[X-Task Eval (cc12m)] tok_clip@224->tok_rgb@224": 7.522900919563854,
    "[X-Task Eval (cc12m)] tok_clip@224->tok_semseg@224": 4.722566738867531,
    "[X-Task Eval (cc12m)] tok_depth@224->caption": 2.1528335574526376,
    "[X-Task Eval (cc12m)] tok_depth@224->det": 2.309517128399005,
    "[X-Task Eval (cc12m)] tok_depth@224->tok_clip@224": 6.507323193473938,
    "[X-Task Eval (cc12m)] tok_depth@224->tok_normal@224": 6.093389690874484,
    "[X-Task Eval (cc12m)] tok_depth@224->tok_rgb@224": 7.7510948691505215,
    "[X-Task Eval (cc12m)] tok_depth@224->tok_semseg@224": 4.654845595359802,
    "[X-Task Eval (cc12m)] tok_normal@224->caption": 2.154000639725036,
    "[X-Task Eval (cc12m)] tok_normal@224->det": 2.2928389127071673,
    "[X-Task Eval (cc12m)] tok_normal@224->tok_clip@224": 6.454889727857547,
    "[X-Task Eval (cc12m)] tok_normal@224->tok_depth@224": 5.238987739855489,
    "[X-Task Eval (cc12m)] tok_normal@224->tok_rgb@224": 7.662870533930989,
    "[X-Task Eval (cc12m)] tok_normal@224->tok_semseg@224": 4.670114207001159,
    "[X-Task Eval (cc12m)] tok_rgb@224->caption": 2.048984184670753,
    "[X-Task Eval (cc12m)] tok_rgb@224->det": 2.275699178250834,
    "[X-Task Eval (cc12m)] tok_rgb@224->tok_clip@224": 6.101068965543193,
    "[X-Task Eval (cc12m)] tok_rgb@224->tok_depth@224": 5.265450569768302,
    "[X-Task Eval (cc12m)] tok_rgb@224->tok_normal@224": 5.98463004427596,
    "[X-Task Eval (cc12m)] tok_rgb@224->tok_semseg@224": 4.599185615492324,
    "[X-Task Eval (cc12m)] tok_semseg@224->caption": 2.226338787391163,
    "[X-Task Eval (cc12m)] tok_semseg@224->det": 2.0791511737976593,
    "[X-Task Eval (cc12m)] tok_semseg@224->tok_clip@224": 6.561936864075951,
    "[X-Task Eval (cc12m)] tok_semseg@224->tok_depth@224": 5.410331824336189,
    "[X-Task Eval (cc12m)] tok_semseg@224->tok_normal@224": 6.276468438462327,
    "[X-Task Eval (cc12m)] tok_semseg@224->tok_rgb@224": 7.824708622865403
}