{
  "mode": "fixed_model_shifted",
  "formula": "L(D) = E + B / (D + C)^beta",
  "huber_loss": 2.056659066694445e-05,
  "parameters": {
    "E": 8.158590088376652,
    "B": 162754.79141900392,
    "beta": 0.5331066499366284,
    "C": 2503722252.072975
  },
  "data": "/mnt/vilab/scratch/ali/multimodal-datasets-project/fourm-df/tools/scaling_laws/results/4m-b_cc12m_mod7/csvs/caption_to_tok_rgb@224.csv",
  "fit_config": {
    "grid_size": 100,
    "delta": 0.001,
    "seed": 42
  },
  "n_zero_tokens": 1,
  "L_at_D_0": 9.747447801880028
}
