{
    "[X-Task Eval (cc12m)] loss": 2.762530697798267,
    "[X-Task Eval (cc12m)] caption->det": 2.8249104358136843,
    "[X-Task Eval (cc12m)] caption->tok_clip@224": 6.944336236856235,
    "[X-Task Eval (cc12m)] caption->tok_depth@224": 6.015237947622428,
    "[X-Task Eval (cc12m)] caption->tok_normal@224": 6.7338790143259795,
    "[X-Task Eval (cc12m)] caption->tok_rgb@224": 8.288467265546512,
    "[X-Task Eval (cc12m)] caption->tok_semseg@224": 5.276367299663373,
    "[X-Task Eval (cc12m)] det->caption": 2.3415869677219145,
    "[X-Task Eval (cc12m)] det->tok_clip@224": 6.904193992812793,
    "[X-Task Eval (cc12m)] det->tok_depth@224": 5.933256425034886,
    "[X-Task Eval (cc12m)] det->tok_normal@224": 6.657108111503406,
    "[X-Task Eval (cc12m)] det->tok_rgb@224": 8.238134029193427,
    "[X-Task Eval (cc12m)] det->tok_semseg@224": 5.142444160037909,
    "[X-Task Eval (cc12m)] rgb@224->caption": 2.171675764619352,
    "[X-Task Eval (cc12m)] rgb@224->det": 1.9395732151243252,
    "[X-Task Eval (cc12m)] rgb@224->tok_clip@224": 5.354826608024085,
    "[X-Task Eval (cc12m)] rgb@224->tok_depth@224": 4.844561516286466,
    "[X-Task Eval (cc12m)] rgb@224->tok_normal@224": 5.551024155875745,
    "[X-Task Eval (cc12m)] rgb@224->tok_semseg@224": 4.314449334677796,
    "[X-Task Eval (cc12m)] tok_clip@224->caption": 2.121391457300217,
    "[X-Task Eval (cc12m)] tok_clip@224->det": 2.4295837852520683,
    "[X-Task Eval (cc12m)] tok_clip@224->tok_depth@224": 5.534030569247164,
    "[X-Task Eval (cc12m)] tok_clip@224->tok_normal@224": 6.2565618163099685,
    "[X-Task Eval (cc12m)] tok_clip@224->tok_rgb@224": 7.591802307211172,
    "[X-Task Eval (cc12m)] tok_clip@224->tok_semseg@224": 4.81727555213264,
    "[X-Task Eval (cc12m)] tok_depth@224->caption": 2.254603144364616,
    "[X-Task Eval (cc12m)] tok_depth@224->det": 2.4429463442331687,
    "[X-Task Eval (cc12m)] tok_depth@224->tok_clip@224": 6.576147266470206,
    "[X-Task Eval (cc12m)] tok_depth@224->tok_normal@224": 6.151049928924146,
    "[X-Task Eval (cc12m)] tok_depth@224->tok_rgb@224": 7.81335504710103,
    "[X-Task Eval (cc12m)] tok_depth@224->tok_semseg@224": 4.761965272144769,
    "[X-Task Eval (cc12m)] tok_normal@224->caption": 2.2297473878334886,
    "[X-Task Eval (cc12m)] tok_normal@224->det": 2.445185911541168,
    "[X-Task Eval (cc12m)] tok_normal@224->tok_clip@224": 6.5202224955391195,
    "[X-Task Eval (cc12m)] tok_normal@224->tok_depth@224": 5.317069120300464,
    "[X-Task Eval (cc12m)] tok_normal@224->tok_rgb@224": 7.729173755874268,
    "[X-Task Eval (cc12m)] tok_normal@224->tok_semseg@224": 4.766396144137215,
    "[X-Task Eval (cc12m)] tok_rgb@224->caption": 2.1868139410171263,
    "[X-Task Eval (cc12m)] tok_rgb@224->det": 2.465086914575138,
    "[X-Task Eval (cc12m)] tok_rgb@224->tok_clip@224": 6.1818988368914916,
    "[X-Task Eval (cc12m)] tok_rgb@224->tok_depth@224": 5.351423178998807,
    "[X-Task Eval (cc12m)] tok_rgb@224->tok_normal@224": 6.054382566826793,
    "[X-Task Eval (cc12m)] tok_rgb@224->tok_semseg@224": 4.6991746947407345,
    "[X-Task Eval (cc12m)] tok_semseg@224->caption": 2.2467264296909493,
    "[X-Task Eval (cc12m)] tok_semseg@224->det": 2.2934940914376476,
    "[X-Task Eval (cc12m)] tok_semseg@224->tok_clip@224": 6.621485259967109,
    "[X-Task Eval (cc12m)] tok_semseg@224->tok_depth@224": 5.48224623477497,
    "[X-Task Eval (cc12m)] tok_semseg@224->tok_normal@224": 6.327398339780375,
    "[X-Task Eval (cc12m)] tok_semseg@224->tok_rgb@224": 7.88216611866753
}