{
  "mode": "fixed_model_shifted",
  "formula": "L(D) = E + B / (D + C)^beta",
  "huber_loss": 8.770176067885671e-06,
  "parameters": {
    "E": 7.855690075388242,
    "B": 1304.1185197070106,
    "beta": 0.3239914480072115,
    "C": 589707599.3208541
  },
  "data": "/mnt/vilab/scratch/ali/multimodal-datasets-project/fourm-df/tools/scaling_laws/results/4m-s_cc12m_mod7/csvs/tok_semseg@224_to_tok_rgb@224.csv",
  "fit_config": {
    "grid_size": 100,
    "delta": 0.001,
    "seed": 42
  },
  "n_zero_tokens": 1,
  "L_at_D_0": 9.733734106043336
}
