{
    "[X-Task Eval (cc12m)] loss": 2.866897873618145,
    "[X-Task Eval (cc12m)] caption->det": 2.8903037580057456,
    "[X-Task Eval (cc12m)] caption->tok_clip@224": 7.107906165214392,
    "[X-Task Eval (cc12m)] caption->tok_depth@224": 6.221210620273797,
    "[X-Task Eval (cc12m)] caption->tok_normal@224": 6.846871593889718,
    "[X-Task Eval (cc12m)] caption->tok_rgb@224": 8.424360373149664,
    "[X-Task Eval (cc12m)] caption->tok_semseg@224": 5.485574767993281,
    "[X-Task Eval (cc12m)] det->caption": 2.3671101255538747,
    "[X-Task Eval (cc12m)] det->tok_clip@224": 7.052677624903548,
    "[X-Task Eval (cc12m)] det->tok_depth@224": 6.138283472472486,
    "[X-Task Eval (cc12m)] det->tok_normal@224": 6.7749942880088145,
    "[X-Task Eval (cc12m)] det->tok_rgb@224": 8.373095236647243,
    "[X-Task Eval (cc12m)] det->tok_semseg@224": 5.374207650320217,
    "[X-Task Eval (cc12m)] rgb@224->caption": 2.2020114700253397,
    "[X-Task Eval (cc12m)] rgb@224->det": 2.0855171025370636,
    "[X-Task Eval (cc12m)] rgb@224->tok_clip@224": 5.745608391853186,
    "[X-Task Eval (cc12m)] rgb@224->tok_depth@224": 5.251027058869505,
    "[X-Task Eval (cc12m)] rgb@224->tok_normal@224": 5.866943029930797,
    "[X-Task Eval (cc12m)] rgb@224->tok_semseg@224": 4.7003144008663895,
    "[X-Task Eval (cc12m)] tok_clip@224->caption": 2.1694970015710155,
    "[X-Task Eval (cc12m)] tok_clip@224->det": 2.361962199877626,
    "[X-Task Eval (cc12m)] tok_clip@224->tok_depth@224": 5.772548359042158,
    "[X-Task Eval (cc12m)] tok_clip@224->tok_normal@224": 6.428273520911463,
    "[X-Task Eval (cc12m)] tok_clip@224->tok_rgb@224": 7.836673401415157,
    "[X-Task Eval (cc12m)] tok_clip@224->tok_semseg@224": 5.080156323247063,
    "[X-Task Eval (cc12m)] tok_depth@224->caption": 2.2884050839053938,
    "[X-Task Eval (cc12m)] tok_depth@224->det": 2.454089785441042,
    "[X-Task Eval (cc12m)] tok_depth@224->tok_clip@224": 6.784251209265127,
    "[X-Task Eval (cc12m)] tok_depth@224->tok_normal@224": 6.331243988043203,
    "[X-Task Eval (cc12m)] tok_depth@224->tok_rgb@224": 8.03984209561881,
    "[X-Task Eval (cc12m)] tok_depth@224->tok_semseg@224": 5.036333070585903,
    "[X-Task Eval (cc12m)] tok_normal@224->caption": 2.268339888356364,
    "[X-Task Eval (cc12m)] tok_normal@224->det": 2.4341200170235133,
    "[X-Task Eval (cc12m)] tok_normal@224->tok_clip@224": 6.749912643204101,
    "[X-Task Eval (cc12m)] tok_normal@224->tok_depth@224": 5.592913653903876,
    "[X-Task Eval (cc12m)] tok_normal@224->tok_rgb@224": 7.974804409395772,
    "[X-Task Eval (cc12m)] tok_normal@224->tok_semseg@224": 5.0735368431566625,
    "[X-Task Eval (cc12m)] tok_rgb@224->caption": 2.2473861897905794,
    "[X-Task Eval (cc12m)] tok_rgb@224->det": 2.4739696046414847,
    "[X-Task Eval (cc12m)] tok_rgb@224->tok_clip@224": 6.471547634076006,
    "[X-Task Eval (cc12m)] tok_rgb@224->tok_depth@224": 5.663672305143679,
    "[X-Task Eval (cc12m)] tok_rgb@224->tok_normal@224": 6.2973932644810535,
    "[X-Task Eval (cc12m)] tok_rgb@224->tok_semseg@224": 5.0051806654793,
    "[X-Task Eval (cc12m)] tok_semseg@224->caption": 2.2801917281013706,
    "[X-Task Eval (cc12m)] tok_semseg@224->det": 2.2334379664244364,
    "[X-Task Eval (cc12m)] tok_semseg@224->tok_clip@224": 6.808708802579691,
    "[X-Task Eval (cc12m)] tok_semseg@224->tok_depth@224": 5.741654453567042,
    "[X-Task Eval (cc12m)] tok_semseg@224->tok_normal@224": 6.4867763968702326,
    "[X-Task Eval (cc12m)] tok_semseg@224->tok_rgb@224": 8.075934777625452
}