{
    "[X-Task Eval (cc12m)] loss": 2.9096090273893935,
    "[X-Task Eval (cc12m)] caption->det": 2.899468878587595,
    "[X-Task Eval (cc12m)] caption->tok_clip@224": 7.136800093010972,
    "[X-Task Eval (cc12m)] caption->tok_depth@224": 6.255426145971012,
    "[X-Task Eval (cc12m)] caption->tok_normal@224": 6.866985974601283,
    "[X-Task Eval (cc12m)] caption->tok_rgb@224": 8.445669085453874,
    "[X-Task Eval (cc12m)] caption->tok_semseg@224": 5.521297774756678,
    "[X-Task Eval (cc12m)] det->caption": 2.4510046324600427,
    "[X-Task Eval (cc12m)] det->tok_clip@224": 7.0809835069857465,
    "[X-Task Eval (cc12m)] det->tok_depth@224": 6.169249427585175,
    "[X-Task Eval (cc12m)] det->tok_normal@224": 6.7951034783555295,
    "[X-Task Eval (cc12m)] det->tok_rgb@224": 8.393007876393133,
    "[X-Task Eval (cc12m)] det->tok_semseg@224": 5.410035046335226,
    "[X-Task Eval (cc12m)] rgb@224->caption": 2.3286005515640915,
    "[X-Task Eval (cc12m)] rgb@224->det": 2.1129885126417056,
    "[X-Task Eval (cc12m)] rgb@224->tok_clip@224": 5.8466683911820185,
    "[X-Task Eval (cc12m)] rgb@224->tok_depth@224": 5.377034838207233,
    "[X-Task Eval (cc12m)] rgb@224->tok_normal@224": 5.960491584131893,
    "[X-Task Eval (cc12m)] rgb@224->tok_semseg@224": 4.827279656078107,
    "[X-Task Eval (cc12m)] tok_clip@224->caption": 2.2878937790759455,
    "[X-Task Eval (cc12m)] tok_clip@224->det": 2.376317155818208,
    "[X-Task Eval (cc12m)] tok_clip@224->tok_depth@224": 5.876965642737123,
    "[X-Task Eval (cc12m)] tok_clip@224->tok_normal@224": 6.497000977635003,
    "[X-Task Eval (cc12m)] tok_clip@224->tok_rgb@224": 7.918729457230613,
    "[X-Task Eval (cc12m)] tok_clip@224->tok_semseg@224": 5.176628155449328,
    "[X-Task Eval (cc12m)] tok_depth@224->caption": 2.412916712772351,
    "[X-Task Eval (cc12m)] tok_depth@224->det": 2.4811015449488125,
    "[X-Task Eval (cc12m)] tok_depth@224->tok_clip@224": 6.855570956540945,
    "[X-Task Eval (cc12m)] tok_depth@224->tok_normal@224": 6.4111387432573705,
    "[X-Task Eval (cc12m)] tok_depth@224->tok_rgb@224": 8.126303787048633,
    "[X-Task Eval (cc12m)] tok_depth@224->tok_semseg@224": 5.167587066610781,
    "[X-Task Eval (cc12m)] tok_normal@224->caption": 2.3872987447074427,
    "[X-Task Eval (cc12m)] tok_normal@224->det": 2.4585309816530336,
    "[X-Task Eval (cc12m)] tok_normal@224->tok_clip@224": 6.819519219687953,
    "[X-Task Eval (cc12m)] tok_normal@224->tok_depth@224": 5.706432629698001,
    "[X-Task Eval (cc12m)] tok_normal@224->tok_rgb@224": 8.056567331091664,
    "[X-Task Eval (cc12m)] tok_normal@224->tok_semseg@224": 5.181225839895181,
    "[X-Task Eval (cc12m)] tok_rgb@224->caption": 2.367206374296365,
    "[X-Task Eval (cc12m)] tok_rgb@224->det": 2.5050547934187866,
    "[X-Task Eval (cc12m)] tok_rgb@224->tok_clip@224": 6.564789698146783,
    "[X-Task Eval (cc12m)] tok_rgb@224->tok_depth@224": 5.793323294042398,
    "[X-Task Eval (cc12m)] tok_rgb@224->tok_normal@224": 6.391397771743921,
    "[X-Task Eval (cc12m)] tok_rgb@224->tok_semseg@224": 5.128158765098157,
    "[X-Task Eval (cc12m)] tok_semseg@224->caption": 2.4039487535961137,
    "[X-Task Eval (cc12m)] tok_semseg@224->det": 2.241003472488909,
    "[X-Task Eval (cc12m)] tok_semseg@224->tok_clip@224": 6.868398913941063,
    "[X-Task Eval (cc12m)] tok_semseg@224->tok_depth@224": 5.83503691304606,
    "[X-Task Eval (cc12m)] tok_semseg@224->tok_normal@224": 6.547435606249605,
    "[X-Task Eval (cc12m)] tok_semseg@224->tok_rgb@224": 8.147824559348841
}