{
    "[X-Task Eval (cc12m)] loss": 3.0935058671489153,
    "[X-Task Eval (cc12m)] caption->det": 4.783269945234537,
    "[X-Task Eval (cc12m)] caption->tok_clip@224": 7.250678422732856,
    "[X-Task Eval (cc12m)] caption->tok_depth@224": 6.394923287458694,
    "[X-Task Eval (cc12m)] caption->tok_normal@224": 6.949337308399213,
    "[X-Task Eval (cc12m)] caption->tok_rgb@224": 8.5259231725059,
    "[X-Task Eval (cc12m)] caption->tok_semseg@224": 5.682632354882578,
    "[X-Task Eval (cc12m)] det->caption": 6.058297581566028,
    "[X-Task Eval (cc12m)] det->tok_clip@224": 7.196620842519279,
    "[X-Task Eval (cc12m)] det->tok_depth@224": 6.324330628870395,
    "[X-Task Eval (cc12m)] det->tok_normal@224": 6.886950650154211,
    "[X-Task Eval (cc12m)] det->tok_rgb@224": 8.485373508815949,
    "[X-Task Eval (cc12m)] det->tok_semseg@224": 5.596670241020739,
    "[X-Task Eval (cc12m)] rgb@224->caption": 2.830336060196447,
    "[X-Task Eval (cc12m)] rgb@224->det": 2.421775566455655,
    "[X-Task Eval (cc12m)] rgb@224->tok_clip@224": 6.132321478840642,
    "[X-Task Eval (cc12m)] rgb@224->tok_depth@224": 5.705098621761456,
    "[X-Task Eval (cc12m)] rgb@224->tok_normal@224": 6.193613135776581,
    "[X-Task Eval (cc12m)] rgb@224->tok_semseg@224": 5.089217595779858,
    "[X-Task Eval (cc12m)] tok_clip@224->caption": 2.7470231756996424,
    "[X-Task Eval (cc12m)] tok_clip@224->det": 2.5081012980244792,
    "[X-Task Eval (cc12m)] tok_clip@224->tok_depth@224": 6.091205434296459,
    "[X-Task Eval (cc12m)] tok_clip@224->tok_normal@224": 6.638680165187239,
    "[X-Task Eval (cc12m)] tok_clip@224->tok_rgb@224": 8.085732449357883,
    "[X-Task Eval (cc12m)] tok_clip@224->tok_semseg@224": 5.407958546956888,
    "[X-Task Eval (cc12m)] tok_depth@224->caption": 2.8484346601909722,
    "[X-Task Eval (cc12m)] tok_depth@224->det": 2.6090041389480567,
    "[X-Task Eval (cc12m)] tok_depth@224->tok_clip@224": 7.029422770292995,
    "[X-Task Eval (cc12m)] tok_depth@224->tok_normal@224": 6.575792960846386,
    "[X-Task Eval (cc12m)] tok_depth@224->tok_rgb@224": 8.306282134101794,
    "[X-Task Eval (cc12m)] tok_depth@224->tok_semseg@224": 5.409102164137478,
    "[X-Task Eval (cc12m)] tok_normal@224->caption": 2.833258985901793,
    "[X-Task Eval (cc12m)] tok_normal@224->det": 2.607862723045075,
    "[X-Task Eval (cc12m)] tok_normal@224->tok_clip@224": 7.007869260379682,
    "[X-Task Eval (cc12m)] tok_normal@224->tok_depth@224": 5.972119846663917,
    "[X-Task Eval (cc12m)] tok_normal@224->tok_rgb@224": 8.252074264870664,
    "[X-Task Eval (cc12m)] tok_normal@224->tok_semseg@224": 5.434541094036529,
    "[X-Task Eval (cc12m)] tok_rgb@224->caption": 2.828563659907149,
    "[X-Task Eval (cc12m)] tok_rgb@224->det": 2.6664416024479243,
    "[X-Task Eval (cc12m)] tok_rgb@224->tok_clip@224": 6.806835200459051,
    "[X-Task Eval (cc12m)] tok_rgb@224->tok_depth@224": 6.085158979930816,
    "[X-Task Eval (cc12m)] tok_rgb@224->tok_normal@224": 6.613022654582136,
    "[X-Task Eval (cc12m)] tok_rgb@224->tok_semseg@224": 5.406312483949021,
    "[X-Task Eval (cc12m)] tok_semseg@224->caption": 2.8387987830768378,
    "[X-Task Eval (cc12m)] tok_semseg@224->det": 2.4074659309448143,
    "[X-Task Eval (cc12m)] tok_semseg@224->tok_clip@224": 7.024837714414627,
    "[X-Task Eval (cc12m)] tok_semseg@224->tok_depth@224": 6.066386474207187,
    "[X-Task Eval (cc12m)] tok_semseg@224->tok_normal@224": 6.687950410781958,
    "[X-Task Eval (cc12m)] tok_semseg@224->tok_rgb@224": 8.300590416874748
}