{
  "mode": "fixed_model_shifted",
  "formula": "L(D) = E + B / (D + C)^beta",
  "huber_loss": 0.000544236819189627,
  "parameters": {
    "E": 2.281840026335775,
    "B": 162754.79141900392,
    "beta": 0.5274670218449792,
    "C": 145743193.2291272
  },
  "data": "/mnt/vilab/scratch/ali/multimodal-datasets-project/fourm-df/tools/scaling_laws/results/4m-s_cc12m_mod7/csvs/tok_normal@224_to_det.csv",
  "fit_config": {
    "grid_size": 100,
    "delta": 0.001,
    "seed": 42
  },
  "n_zero_tokens": 1,
  "L_at_D_0": 10.326546170202333
}
