{
    "[X-Task Eval (cc12m)] loss": 2.9475835682030795,
    "[X-Task Eval (cc12m)] caption->det": 3.2137149110579264,
    "[X-Task Eval (cc12m)] caption->tok_clip@224": 7.1746377061350275,
    "[X-Task Eval (cc12m)] caption->tok_depth@224": 6.296153822265113,
    "[X-Task Eval (cc12m)] caption->tok_normal@224": 6.8875348004289325,
    "[X-Task Eval (cc12m)] caption->tok_rgb@224": 8.4638232708739,
    "[X-Task Eval (cc12m)] caption->tok_semseg@224": 5.575005643283978,
    "[X-Task Eval (cc12m)] det->caption": 2.890021629226855,
    "[X-Task Eval (cc12m)] det->tok_clip@224": 7.124587917861085,
    "[X-Task Eval (cc12m)] det->tok_depth@224": 6.220840626250441,
    "[X-Task Eval (cc12m)] det->tok_normal@224": 6.8245133047286695,
    "[X-Task Eval (cc12m)] det->tok_rgb@224": 8.42480498114333,
    "[X-Task Eval (cc12m)] det->tok_semseg@224": 5.480835988308294,
    "[X-Task Eval (cc12m)] rgb@224->caption": 2.4930674827898653,
    "[X-Task Eval (cc12m)] rgb@224->det": 2.2007171924883564,
    "[X-Task Eval (cc12m)] rgb@224->tok_clip@224": 5.924033632674537,
    "[X-Task Eval (cc12m)] rgb@224->tok_depth@224": 5.448893838035413,
    "[X-Task Eval (cc12m)] rgb@224->tok_normal@224": 6.006930233190616,
    "[X-Task Eval (cc12m)] rgb@224->tok_semseg@224": 4.876787501783036,
    "[X-Task Eval (cc12m)] tok_clip@224->caption": 2.4423531430978747,
    "[X-Task Eval (cc12m)] tok_clip@224->det": 2.406317425802493,
    "[X-Task Eval (cc12m)] tok_clip@224->tok_depth@224": 5.9038272947549055,
    "[X-Task Eval (cc12m)] tok_clip@224->tok_normal@224": 6.514650490718147,
    "[X-Task Eval (cc12m)] tok_clip@224->tok_rgb@224": 7.9309963048837435,
    "[X-Task Eval (cc12m)] tok_clip@224->tok_semseg@224": 5.223844757476173,
    "[X-Task Eval (cc12m)] tok_depth@224->caption": 2.5593698661738693,
    "[X-Task Eval (cc12m)] tok_depth@224->det": 2.511449392468404,
    "[X-Task Eval (cc12m)] tok_depth@224->tok_clip@224": 6.886314702491029,
    "[X-Task Eval (cc12m)] tok_depth@224->tok_normal@224": 6.4354612587359,
    "[X-Task Eval (cc12m)] tok_depth@224->tok_rgb@224": 8.134937933458687,
    "[X-Task Eval (cc12m)] tok_depth@224->tok_semseg@224": 5.2049444887203915,
    "[X-Task Eval (cc12m)] tok_normal@224->caption": 2.5367167353058777,
    "[X-Task Eval (cc12m)] tok_normal@224->det": 2.490460773769278,
    "[X-Task Eval (cc12m)] tok_normal@224->tok_clip@224": 6.851758801518157,
    "[X-Task Eval (cc12m)] tok_normal@224->tok_depth@224": 5.757363792425528,
    "[X-Task Eval (cc12m)] tok_normal@224->tok_rgb@224": 8.068404030114317,
    "[X-Task Eval (cc12m)] tok_normal@224->tok_semseg@224": 5.226909749424115,
    "[X-Task Eval (cc12m)] tok_rgb@224->caption": 2.5182440576081078,
    "[X-Task Eval (cc12m)] tok_rgb@224->det": 2.532384537565061,
    "[X-Task Eval (cc12m)] tok_rgb@224->tok_clip@224": 6.594262932817014,
    "[X-Task Eval (cc12m)] tok_rgb@224->tok_depth@224": 5.824988503806507,
    "[X-Task Eval (cc12m)] tok_rgb@224->tok_normal@224": 6.405255508879884,
    "[X-Task Eval (cc12m)] tok_rgb@224->tok_semseg@224": 5.171536412863686,
    "[X-Task Eval (cc12m)] tok_semseg@224->caption": 2.5512307771859457,
    "[X-Task Eval (cc12m)] tok_semseg@224->det": 2.301115125036849,
    "[X-Task Eval (cc12m)] tok_semseg@224->tok_clip@224": 6.903114950314117,
    "[X-Task Eval (cc12m)] tok_semseg@224->tok_depth@224": 5.877102675529334,
    "[X-Task Eval (cc12m)] tok_semseg@224->tok_normal@224": 6.565845815899273,
    "[X-Task Eval (cc12m)] tok_semseg@224->tok_rgb@224": 8.159525945163763
}