{
    "[X-Task Eval (cc12m)] loss": 2.713389228377789,
    "[X-Task Eval (cc12m)] caption->det": 2.827422260857238,
    "[X-Task Eval (cc12m)] caption->tok_clip@224": 6.912990440956701,
    "[X-Task Eval (cc12m)] caption->tok_depth@224": 5.9830184813124685,
    "[X-Task Eval (cc12m)] caption->tok_normal@224": 6.713002839027502,
    "[X-Task Eval (cc12m)] caption->tok_rgb@224": 8.263534567607477,
    "[X-Task Eval (cc12m)] caption->tok_semseg@224": 5.227602398814485,
    "[X-Task Eval (cc12m)] det->caption": 2.24795771625857,
    "[X-Task Eval (cc12m)] det->tok_clip@224": 6.872942453375258,
    "[X-Task Eval (cc12m)] det->tok_depth@224": 5.895719833267383,
    "[X-Task Eval (cc12m)] det->tok_normal@224": 6.63304675996494,
    "[X-Task Eval (cc12m)] det->tok_rgb@224": 8.211073023823504,
    "[X-Task Eval (cc12m)] det->tok_semseg@224": 5.091931994349812,
    "[X-Task Eval (cc12m)] rgb@224->caption": 1.992218933928127,
    "[X-Task Eval (cc12m)] rgb@224->det": 1.7835708304811209,
    "[X-Task Eval (cc12m)] rgb@224->tok_clip@224": 5.28305023699142,
    "[X-Task Eval (cc12m)] rgb@224->tok_depth@224": 4.770671359266336,
    "[X-Task Eval (cc12m)] rgb@224->tok_normal@224": 5.489451205768524,
    "[X-Task Eval (cc12m)] rgb@224->tok_semseg@224": 4.241870690458499,
    "[X-Task Eval (cc12m)] tok_clip@224->caption": 1.9633485129275643,
    "[X-Task Eval (cc12m)] tok_clip@224->det": 2.231410798078147,
    "[X-Task Eval (cc12m)] tok_clip@224->tok_depth@224": 5.468721078607602,
    "[X-Task Eval (cc12m)] tok_clip@224->tok_normal@224": 6.204961514511047,
    "[X-Task Eval (cc12m)] tok_clip@224->tok_rgb@224": 7.527655191314868,
    "[X-Task Eval (cc12m)] tok_clip@224->tok_semseg@224": 4.748150922619877,
    "[X-Task Eval (cc12m)] tok_depth@224->caption": 2.090325898636644,
    "[X-Task Eval (cc12m)] tok_depth@224->det": 2.2684868095210566,
    "[X-Task Eval (cc12m)] tok_depth@224->tok_clip@224": 6.518560842964977,
    "[X-Task Eval (cc12m)] tok_depth@224->tok_normal@224": 6.096731100981228,
    "[X-Task Eval (cc12m)] tok_depth@224->tok_rgb@224": 7.753166712130221,
    "[X-Task Eval (cc12m)] tok_depth@224->tok_semseg@224": 4.6747586066349625,
    "[X-Task Eval (cc12m)] tok_normal@224->caption": 2.0752999477873977,
    "[X-Task Eval (cc12m)] tok_normal@224->det": 2.250306855089748,
    "[X-Task Eval (cc12m)] tok_normal@224->tok_clip@224": 6.469280078769111,
    "[X-Task Eval (cc12m)] tok_normal@224->tok_depth@224": 5.251886295815245,
    "[X-Task Eval (cc12m)] tok_normal@224->tok_rgb@224": 7.667938218710902,
    "[X-Task Eval (cc12m)] tok_normal@224->tok_semseg@224": 4.698351840241648,
    "[X-Task Eval (cc12m)] tok_rgb@224->caption": 2.034817592594951,
    "[X-Task Eval (cc12m)] tok_rgb@224->det": 2.2469474002004812,
    "[X-Task Eval (cc12m)] tok_rgb@224->tok_clip@224": 6.116718580547613,
    "[X-Task Eval (cc12m)] tok_rgb@224->tok_depth@224": 5.278431850881241,
    "[X-Task Eval (cc12m)] tok_rgb@224->tok_normal@224": 5.992467769989952,
    "[X-Task Eval (cc12m)] tok_rgb@224->tok_semseg@224": 4.626943241483487,
    "[X-Task Eval (cc12m)] tok_semseg@224->caption": 2.092156822308184,
    "[X-Task Eval (cc12m)] tok_semseg@224->det": 2.045443184269122,
    "[X-Task Eval (cc12m)] tok_semseg@224->tok_clip@224": 6.570295694156195,
    "[X-Task Eval (cc12m)] tok_semseg@224->tok_depth@224": 5.416300679548099,
    "[X-Task Eval (cc12m)] tok_semseg@224->tok_normal@224": 6.278118216572478,
    "[X-Task Eval (cc12m)] tok_semseg@224->tok_rgb@224": 7.82547438297028
}