{
    "[X-Task Eval (cc12m)] loss": 2.866837576925814,
    "[X-Task Eval (cc12m)] caption->det": 2.8959043838155156,
    "[X-Task Eval (cc12m)] caption->tok_clip@224": 7.1071032356149475,
    "[X-Task Eval (cc12m)] caption->tok_depth@224": 6.220332425432845,
    "[X-Task Eval (cc12m)] caption->tok_normal@224": 6.8534701464656065,
    "[X-Task Eval (cc12m)] caption->tok_rgb@224": 8.423092184546656,
    "[X-Task Eval (cc12m)] caption->tok_semseg@224": 5.492353774869023,
    "[X-Task Eval (cc12m)] det->caption": 2.3656865438333337,
    "[X-Task Eval (cc12m)] det->tok_clip@224": 7.052120863629606,
    "[X-Task Eval (cc12m)] det->tok_depth@224": 6.140089042270526,
    "[X-Task Eval (cc12m)] det->tok_normal@224": 6.778455072317642,
    "[X-Task Eval (cc12m)] det->tok_rgb@224": 8.372160602301454,
    "[X-Task Eval (cc12m)] det->tok_semseg@224": 5.36979935125421,
    "[X-Task Eval (cc12m)] rgb@224->caption": 2.2003595810443066,
    "[X-Task Eval (cc12m)] rgb@224->det": 2.0861437754413954,
    "[X-Task Eval (cc12m)] rgb@224->tok_clip@224": 5.7478273939400815,
    "[X-Task Eval (cc12m)] rgb@224->tok_depth@224": 5.24987924670259,
    "[X-Task Eval (cc12m)] rgb@224->tok_normal@224": 5.865238241875134,
    "[X-Task Eval (cc12m)] rgb@224->tok_semseg@224": 4.698776402983802,
    "[X-Task Eval (cc12m)] tok_clip@224->caption": 2.1646371937502686,
    "[X-Task Eval (cc12m)] tok_clip@224->det": 2.3641886586864915,
    "[X-Task Eval (cc12m)] tok_clip@224->tok_depth@224": 5.772775960235169,
    "[X-Task Eval (cc12m)] tok_clip@224->tok_normal@224": 6.428630567396792,
    "[X-Task Eval (cc12m)] tok_clip@224->tok_rgb@224": 7.833587819014114,
    "[X-Task Eval (cc12m)] tok_clip@224->tok_semseg@224": 5.0829010535352905,
    "[X-Task Eval (cc12m)] tok_depth@224->caption": 2.2880545405629342,
    "[X-Task Eval (cc12m)] tok_depth@224->det": 2.4545846639064175,
    "[X-Task Eval (cc12m)] tok_depth@224->tok_clip@224": 6.784434631609688,
    "[X-Task Eval (cc12m)] tok_depth@224->tok_normal@224": 6.332301340354517,
    "[X-Task Eval (cc12m)] tok_depth@224->tok_rgb@224": 8.038136499377485,
    "[X-Task Eval (cc12m)] tok_depth@224->tok_semseg@224": 5.03177610639566,
    "[X-Task Eval (cc12m)] tok_normal@224->caption": 2.269952997279624,
    "[X-Task Eval (cc12m)] tok_normal@224->det": 2.432724427110471,
    "[X-Task Eval (cc12m)] tok_normal@224->tok_clip@224": 6.747867445024058,
    "[X-Task Eval (cc12m)] tok_normal@224->tok_depth@224": 5.592994524076724,
    "[X-Task Eval (cc12m)] tok_normal@224->tok_rgb@224": 7.97571253490905,
    "[X-Task Eval (cc12m)] tok_normal@224->tok_semseg@224": 5.070559854895924,
    "[X-Task Eval (cc12m)] tok_rgb@224->caption": 2.244066374180035,
    "[X-Task Eval (cc12m)] tok_rgb@224->det": 2.4746811194732166,
    "[X-Task Eval (cc12m)] tok_rgb@224->tok_clip@224": 6.471094249536435,
    "[X-Task Eval (cc12m)] tok_rgb@224->tok_depth@224": 5.662597495526932,
    "[X-Task Eval (cc12m)] tok_rgb@224->tok_normal@224": 6.298890094216258,
    "[X-Task Eval (cc12m)] tok_rgb@224->tok_semseg@224": 5.010679299648578,
    "[X-Task Eval (cc12m)] tok_semseg@224->caption": 2.27779574349475,
    "[X-Task Eval (cc12m)] tok_semseg@224->det": 2.233276629076598,
    "[X-Task Eval (cc12m)] tok_semseg@224->tok_clip@224": 6.807636097978098,
    "[X-Task Eval (cc12m)] tok_semseg@224->tok_depth@224": 5.741735504838986,
    "[X-Task Eval (cc12m)] tok_semseg@224->tok_normal@224": 6.486736045668301,
    "[X-Task Eval (cc12m)] tok_semseg@224->tok_rgb@224": 8.074381002793297
}