{
  "mode": "fixed_model_shifted",
  "formula": "L(D) = E + B / (D + C)^beta",
  "huber_loss": 0.00013367976225868466,
  "parameters": {
    "E": 1.2043656770758837,
    "B": 669.5409373287625,
    "beta": 0.24654696415155514,
    "C": 37126753.59594226
  },
  "data": "/mnt/vilab/scratch/ali/multimodal-datasets-project/fourm-df/tools/scaling_laws/results/4m-b_cc12m_mod7/csvs/tok_semseg@224_to_det.csv",
  "fit_config": {
    "grid_size": 100,
    "delta": 0.001,
    "seed": 42
  },
  "n_zero_tokens": 1,
  "L_at_D_0": 10.313849994724169
}
