{
  "mode": "fixed_model_shifted",
  "formula": "L(D) = E + B / (D + C)^beta",
  "huber_loss": 0.00014112229908726598,
  "parameters": {
    "E": 1.8775403796092598,
    "B": 162754.79141900392,
    "beta": 0.49519384161574265,
    "C": 449275683.7269056
  },
  "data": "/mnt/vilab/scratch/ali/multimodal-datasets-project/fourm-df/tools/scaling_laws/results/4m-s_cc12m_mod7/csvs/tok_clip@224_to_caption.csv",
  "fit_config": {
    "grid_size": 100,
    "delta": 0.001,
    "seed": 42
  },
  "n_zero_tokens": 1,
  "L_at_D_0": 10.327656430381609
}
