{
  "mode": "fixed_model_shifted",
  "formula": "L(D) = E + B / (D + C)^beta",
  "huber_loss": 0.0001135134457499547,
  "parameters": {
    "E": 4.27636097033984,
    "B": 162754.79141900392,
    "beta": 0.48834319984625385,
    "C": 2522761664.962095
  },
  "data": "/mnt/vilab/scratch/ali/multimodal-datasets-project/fourm-df/tools/scaling_laws/results/4m-b_cc12m_mod7/csvs/tok_rgb@224_to_tok_semseg@224.csv",
  "fit_config": {
    "grid_size": 100,
    "delta": 0.001,
    "seed": 42
  },
  "n_zero_tokens": 1,
  "L_at_D_0": 8.446893025242185
}
