{
    "[X-Task Eval (cc12m)] loss": 2.8822888501213626,
    "[X-Task Eval (cc12m)] caption->det": 2.931246857102306,
    "[X-Task Eval (cc12m)] caption->tok_clip@224": 7.132444429321411,
    "[X-Task Eval (cc12m)] caption->tok_depth@224": 6.241084519285744,
    "[X-Task Eval (cc12m)] caption->tok_normal@224": 6.861365782567106,
    "[X-Task Eval (cc12m)] caption->tok_rgb@224": 8.437754405192292,
    "[X-Task Eval (cc12m)] caption->tok_semseg@224": 5.5032905884825,
    "[X-Task Eval (cc12m)] det->caption": 2.4318959228337382,
    "[X-Task Eval (cc12m)] det->tok_clip@224": 7.07676259549662,
    "[X-Task Eval (cc12m)] det->tok_depth@224": 6.16019336674541,
    "[X-Task Eval (cc12m)] det->tok_normal@224": 6.791254969831472,
    "[X-Task Eval (cc12m)] det->tok_rgb@224": 8.38482231834826,
    "[X-Task Eval (cc12m)] det->tok_semseg@224": 5.400813493104026,
    "[X-Task Eval (cc12m)] rgb@224->caption": 2.2378640049181806,
    "[X-Task Eval (cc12m)] rgb@224->det": 2.124988966332838,
    "[X-Task Eval (cc12m)] rgb@224->tok_clip@224": 5.787809362426733,
    "[X-Task Eval (cc12m)] rgb@224->tok_depth@224": 5.293587191798054,
    "[X-Task Eval (cc12m)] rgb@224->tok_normal@224": 5.899022350296045,
    "[X-Task Eval (cc12m)] rgb@224->tok_semseg@224": 4.735529763439593,
    "[X-Task Eval (cc12m)] tok_clip@224->caption": 2.1997974972945813,
    "[X-Task Eval (cc12m)] tok_clip@224->det": 2.3396725536535343,
    "[X-Task Eval (cc12m)] tok_clip@224->tok_depth@224": 5.806172249035333,
    "[X-Task Eval (cc12m)] tok_clip@224->tok_normal@224": 6.453532828690526,
    "[X-Task Eval (cc12m)] tok_clip@224->tok_rgb@224": 7.860986706166983,
    "[X-Task Eval (cc12m)] tok_clip@224->tok_semseg@224": 5.109500072634639,
    "[X-Task Eval (cc12m)] tok_depth@224->caption": 2.316271133697071,
    "[X-Task Eval (cc12m)] tok_depth@224->det": 2.4316504153485496,
    "[X-Task Eval (cc12m)] tok_depth@224->tok_clip@224": 6.809954974217156,
    "[X-Task Eval (cc12m)] tok_depth@224->tok_normal@224": 6.356905371236344,
    "[X-Task Eval (cc12m)] tok_depth@224->tok_rgb@224": 8.071667376798564,
    "[X-Task Eval (cc12m)] tok_depth@224->tok_semseg@224": 5.081393615887188,
    "[X-Task Eval (cc12m)] tok_normal@224->caption": 2.2984436958933028,
    "[X-Task Eval (cc12m)] tok_normal@224->det": 2.4188164297384196,
    "[X-Task Eval (cc12m)] tok_normal@224->tok_clip@224": 6.778989052620178,
    "[X-Task Eval (cc12m)] tok_normal@224->tok_depth@224": 5.633341383248473,
    "[X-Task Eval (cc12m)] tok_normal@224->tok_rgb@224": 8.003373041320533,
    "[X-Task Eval (cc12m)] tok_normal@224->tok_semseg@224": 5.112990423132437,
    "[X-Task Eval (cc12m)] tok_rgb@224->caption": 2.275655288570605,
    "[X-Task Eval (cc12m)] tok_rgb@224->det": 2.4631908108441594,
    "[X-Task Eval (cc12m)] tok_rgb@224->tok_clip@224": 6.515239251307405,
    "[X-Task Eval (cc12m)] tok_rgb@224->tok_depth@224": 5.722275105528176,
    "[X-Task Eval (cc12m)] tok_rgb@224->tok_normal@224": 6.342481274955189,
    "[X-Task Eval (cc12m)] tok_rgb@224->tok_semseg@224": 5.058165859680968,
    "[X-Task Eval (cc12m)] tok_semseg@224->caption": 2.3153060389022095,
    "[X-Task Eval (cc12m)] tok_semseg@224->det": 2.2023329211119265,
    "[X-Task Eval (cc12m)] tok_semseg@224->tok_clip@224": 6.830089654785375,
    "[X-Task Eval (cc12m)] tok_semseg@224->tok_depth@224": 5.7703355531722975,
    "[X-Task Eval (cc12m)] tok_semseg@224->tok_normal@224": 6.508331481260233,
    "[X-Task Eval (cc12m)] tok_semseg@224->tok_rgb@224": 8.102335024184693
}