{
  "mode": "fixed_model_shifted",
  "formula": "L(D) = E + B / (D + C)^beta",
  "huber_loss": 0.0001690880702660126,
  "parameters": {
    "E": 1.9505529457346975,
    "B": 162754.79141900392,
    "beta": 0.4945888996976806,
    "C": 468551758.40050775
  },
  "data": "/mnt/vilab/scratch/ali/multimodal-datasets-project/fourm-df/tools/scaling_laws/results/4m-s_cc12m_mod7/csvs/tok_rgb@224_to_caption.csv",
  "fit_config": {
    "grid_size": 100,
    "delta": 0.001,
    "seed": 42
  },
  "n_zero_tokens": 1,
  "L_at_D_0": 10.327260153097756
}
