{
  "mode": "fixed_model_shifted",
  "formula": "L(D) = E + B / (D + C)^beta",
  "huber_loss": 3.4195760522602116e-05,
  "parameters": {
    "E": 6.069365757573149,
    "B": 26209.408266781145,
    "beta": 0.43885407241300284,
    "C": 946401279.16429
  },
  "data": "/mnt/vilab/scratch/ali/multimodal-datasets-project/fourm-df/tools/scaling_laws/results/4m-b_cc12m_mod7/csvs/tok_semseg@224_to_tok_normal@224.csv",
  "fit_config": {
    "grid_size": 100,
    "delta": 0.001,
    "seed": 42
  },
  "n_zero_tokens": 1,
  "L_at_D_0": 9.084245599947216
}
