{
  "mode": "fixed_model_shifted",
  "formula": "L(D) = E + B / (D + C)^beta",
  "huber_loss": 3.063218481514411e-05,
  "parameters": {
    "E": 6.614125907316567,
    "B": 162754.79141900392,
    "beta": 0.4996553718113099,
    "C": 4365552351.594177
  },
  "data": "/mnt/vilab/scratch/ali/multimodal-datasets-project/fourm-df/tools/scaling_laws/results/4m-b_cc12m_mod7/csvs/det_to_tok_clip@224.csv",
  "fit_config": {
    "grid_size": 100,
    "delta": 0.001,
    "seed": 42
  },
  "n_zero_tokens": 1,
  "L_at_D_0": 9.096323852550084
}
