{
  "mode": "fixed_model_shifted",
  "formula": "L(D) = E + B / (D + C)^beta",
  "huber_loss": 0.0007574310188467724,
  "parameters": {
    "E": 1.0982740605176793,
    "B": 999.5783514485775,
    "beta": 0.24969931132578585,
    "C": 142542766.21520665
  },
  "data": "/mnt/vilab/scratch/ali/multimodal-datasets-project/fourm-df/tools/scaling_laws/results/4m-s_cc12m_mod7/csvs/det_to_caption.csv",
  "fit_config": {
    "grid_size": 100,
    "delta": 0.001,
    "seed": 42
  },
  "n_zero_tokens": 1,
  "L_at_D_0": 10.298157925958671
}
