{
    "[X-Task Eval (cc12m)] loss": 2.7584484567001852,
    "[X-Task Eval (cc12m)] caption->det": 2.898026034664422,
    "[X-Task Eval (cc12m)] caption->tok_clip@224": 7.049996089249754,
    "[X-Task Eval (cc12m)] caption->tok_depth@224": 6.136669340605934,
    "[X-Task Eval (cc12m)] caption->tok_normal@224": 6.808211781346379,
    "[X-Task Eval (cc12m)] caption->tok_rgb@224": 8.368640887089812,
    "[X-Task Eval (cc12m)] caption->tok_semseg@224": 5.441525543840548,
    "[X-Task Eval (cc12m)] det->caption": 2.283225603282642,
    "[X-Task Eval (cc12m)] det->tok_clip@224": 7.000096998656519,
    "[X-Task Eval (cc12m)] det->tok_depth@224": 6.051466228101201,
    "[X-Task Eval (cc12m)] det->tok_normal@224": 6.729406701871,
    "[X-Task Eval (cc12m)] det->tok_rgb@224": 8.322412289750462,
    "[X-Task Eval (cc12m)] det->tok_semseg@224": 5.306304231619301,
    "[X-Task Eval (cc12m)] rgb@224->caption": 2.011917668695267,
    "[X-Task Eval (cc12m)] rgb@224->det": 1.722756049979609,
    "[X-Task Eval (cc12m)] rgb@224->tok_clip@224": 4.949921760696192,
    "[X-Task Eval (cc12m)] rgb@224->tok_depth@224": 4.664695010398524,
    "[X-Task Eval (cc12m)] rgb@224->tok_normal@224": 5.325547908441708,
    "[X-Task Eval (cc12m)] rgb@224->tok_semseg@224": 4.306727842020151,
    "[X-Task Eval (cc12m)] tok_clip@224->caption": 2.0217859266093745,
    "[X-Task Eval (cc12m)] tok_clip@224->det": 2.2814991654108128,
    "[X-Task Eval (cc12m)] tok_clip@224->tok_depth@224": 5.650463702960517,
    "[X-Task Eval (cc12m)] tok_clip@224->tok_normal@224": 6.328098791095014,
    "[X-Task Eval (cc12m)] tok_clip@224->tok_rgb@224": 7.721811441567759,
    "[X-Task Eval (cc12m)] tok_clip@224->tok_semseg@224": 4.97356606520022,
    "[X-Task Eval (cc12m)] tok_depth@224->caption": 2.162968927202895,
    "[X-Task Eval (cc12m)] tok_depth@224->det": 2.3200496148567993,
    "[X-Task Eval (cc12m)] tok_depth@224->tok_clip@224": 6.663676112604598,
    "[X-Task Eval (cc12m)] tok_depth@224->tok_normal@224": 6.224492040685952,
    "[X-Task Eval (cc12m)] tok_depth@224->tok_rgb@224": 7.924597525368102,
    "[X-Task Eval (cc12m)] tok_depth@224->tok_semseg@224": 4.90924101649001,
    "[X-Task Eval (cc12m)] tok_normal@224->caption": 2.1453064593453757,
    "[X-Task Eval (cc12m)] tok_normal@224->det": 2.2989009713974244,
    "[X-Task Eval (cc12m)] tok_normal@224->tok_clip@224": 6.611304694090408,
    "[X-Task Eval (cc12m)] tok_normal@224->tok_depth@224": 5.42657430484272,
    "[X-Task Eval (cc12m)] tok_normal@224->tok_rgb@224": 7.84871049582387,
    "[X-Task Eval (cc12m)] tok_normal@224->tok_semseg@224": 4.930149448565401,
    "[X-Task Eval (cc12m)] tok_rgb@224->caption": 2.0980447841147645,
    "[X-Task Eval (cc12m)] tok_rgb@224->det": 2.294669847423657,
    "[X-Task Eval (cc12m)] tok_rgb@224->tok_clip@224": 6.244411948770761,
    "[X-Task Eval (cc12m)] tok_rgb@224->tok_depth@224": 5.457714916418155,
    "[X-Task Eval (cc12m)] tok_rgb@224->tok_normal@224": 6.11315493652234,
    "[X-Task Eval (cc12m)] tok_rgb@224->tok_semseg@224": 4.863369274634523,
    "[X-Task Eval (cc12m)] tok_semseg@224->caption": 2.1617142347672496,
    "[X-Task Eval (cc12m)] tok_semseg@224->det": 2.1069304630303156,
    "[X-Task Eval (cc12m)] tok_semseg@224->tok_clip@224": 6.708662321011479,
    "[X-Task Eval (cc12m)] tok_semseg@224->tok_depth@224": 5.585524416198365,
    "[X-Task Eval (cc12m)] tok_semseg@224->tok_normal@224": 6.394836551084305,
    "[X-Task Eval (cc12m)] tok_semseg@224->tok_rgb@224": 7.979707234583723
}