{
    "[X-Task Eval (cc12m)] loss": 3.093284552362455,
    "[X-Task Eval (cc12m)] caption->det": 4.790777248029892,
    "[X-Task Eval (cc12m)] caption->tok_clip@224": 7.250845364678782,
    "[X-Task Eval (cc12m)] caption->tok_depth@224": 6.3939146494713075,
    "[X-Task Eval (cc12m)] caption->tok_normal@224": 6.954818562768138,
    "[X-Task Eval (cc12m)] caption->tok_rgb@224": 8.523844204581202,
    "[X-Task Eval (cc12m)] caption->tok_semseg@224": 5.688233069908885,
    "[X-Task Eval (cc12m)] det->caption": 6.0377414976826875,
    "[X-Task Eval (cc12m)] det->tok_clip@224": 7.1958527189855,
    "[X-Task Eval (cc12m)] det->tok_depth@224": 6.326987642640123,
    "[X-Task Eval (cc12m)] det->tok_normal@224": 6.8902370663115775,
    "[X-Task Eval (cc12m)] det->tok_rgb@224": 8.484145747015651,
    "[X-Task Eval (cc12m)] det->tok_semseg@224": 5.591992606941504,
    "[X-Task Eval (cc12m)] rgb@224->caption": 2.829441770435141,
    "[X-Task Eval (cc12m)] rgb@224->det": 2.4224842383791083,
    "[X-Task Eval (cc12m)] rgb@224->tok_clip@224": 6.134512823610641,
    "[X-Task Eval (cc12m)] rgb@224->tok_depth@224": 5.7033735026185886,
    "[X-Task Eval (cc12m)] rgb@224->tok_normal@224": 6.190722813050206,
    "[X-Task Eval (cc12m)] rgb@224->tok_semseg@224": 5.0868934294857535,
    "[X-Task Eval (cc12m)] tok_clip@224->caption": 2.742537364411278,
    "[X-Task Eval (cc12m)] tok_clip@224->det": 2.5102813778498683,
    "[X-Task Eval (cc12m)] tok_clip@224->tok_depth@224": 6.091654654699393,
    "[X-Task Eval (cc12m)] tok_clip@224->tok_normal@224": 6.639371621151701,
    "[X-Task Eval (cc12m)] tok_clip@224->tok_rgb@224": 8.08318991725818,
    "[X-Task Eval (cc12m)] tok_clip@224->tok_semseg@224": 5.4104803066474565,
    "[X-Task Eval (cc12m)] tok_depth@224->caption": 2.8485128277787766,
    "[X-Task Eval (cc12m)] tok_depth@224->det": 2.6112246735217854,
    "[X-Task Eval (cc12m)] tok_depth@224->tok_clip@224": 7.0294593197469135,
    "[X-Task Eval (cc12m)] tok_depth@224->tok_normal@224": 6.5767795748223135,
    "[X-Task Eval (cc12m)] tok_depth@224->tok_rgb@224": 8.30568938533338,
    "[X-Task Eval (cc12m)] tok_depth@224->tok_semseg@224": 5.404635340451432,
    "[X-Task Eval (cc12m)] tok_normal@224->caption": 2.834963869791442,
    "[X-Task Eval (cc12m)] tok_normal@224->det": 2.607126414204558,
    "[X-Task Eval (cc12m)] tok_normal@224->tok_clip@224": 7.006342732296965,
    "[X-Task Eval (cc12m)] tok_normal@224->tok_depth@224": 5.971510392027541,
    "[X-Task Eval (cc12m)] tok_normal@224->tok_rgb@224": 8.25199497622042,
    "[X-Task Eval (cc12m)] tok_normal@224->tok_semseg@224": 5.431255946715419,
    "[X-Task Eval (cc12m)] tok_rgb@224->caption": 2.8259452737558384,
    "[X-Task Eval (cc12m)] tok_rgb@224->det": 2.6666854745663775,
    "[X-Task Eval (cc12m)] tok_rgb@224->tok_clip@224": 6.806420571126115,
    "[X-Task Eval (cc12m)] tok_rgb@224->tok_depth@224": 6.084663133080394,
    "[X-Task Eval (cc12m)] tok_rgb@224->tok_normal@224": 6.6146617175672,
    "[X-Task Eval (cc12m)] tok_rgb@224->tok_semseg@224": 5.411895018987382,
    "[X-Task Eval (cc12m)] tok_semseg@224->caption": 2.8366244608601825,
    "[X-Task Eval (cc12m)] tok_semseg@224->det": 2.408204815401056,
    "[X-Task Eval (cc12m)] tok_semseg@224->tok_clip@224": 7.023765678603809,
    "[X-Task Eval (cc12m)] tok_semseg@224->tok_depth@224": 6.066701692133285,
    "[X-Task Eval (cc12m)] tok_semseg@224->tok_normal@224": 6.68848192767975,
    "[X-Task Eval (cc12m)] tok_semseg@224->tok_rgb@224": 8.30000903393133
}