{
  "mode": "fixed_model_shifted",
  "formula": "L(D) = E + B / (D + C)^beta",
  "huber_loss": 0.00015503003857910756,
  "parameters": {
    "E": 1.977513429018807,
    "B": 160643.19422530488,
    "beta": 0.49478908070420285,
    "C": 455592215.2984168
  },
  "data": "/mnt/vilab/scratch/ali/multimodal-datasets-project/fourm-df/tools/scaling_laws/results/4m-s_cc12m_mod7/csvs/tok_normal@224_to_caption.csv",
  "fit_config": {
    "grid_size": 100,
    "delta": 0.001,
    "seed": 42
  },
  "n_zero_tokens": 1,
  "L_at_D_0": 10.327645142059756
}
