{
  "mode": "fixed_model_shifted",
  "formula": "L(D) = E + B / (D + C)^beta",
  "huber_loss": 1.8126203632637278e-05,
  "parameters": {
    "E": 6.992386468662316,
    "B": 162754.79141900392,
    "beta": 0.5324405216291841,
    "C": 1551863783.9340866
  },
  "data": "/mnt/vilab/scratch/ali/multimodal-datasets-project/fourm-df/tools/scaling_laws/results/4m-s_cc12m_mod7/csvs/caption_to_tok_clip@224.csv",
  "fit_config": {
    "grid_size": 100,
    "delta": 0.001,
    "seed": 42
  },
  "n_zero_tokens": 1,
  "L_at_D_0": 9.071848039542742
}
