{
    "[X-Task Eval (cc12m)] loss": 2.882233404941486,
    "[X-Task Eval (cc12m)] caption->det": 2.9373019928939805,
    "[X-Task Eval (cc12m)] caption->tok_clip@224": 7.1316234378007275,
    "[X-Task Eval (cc12m)] caption->tok_depth@224": 6.239468053887827,
    "[X-Task Eval (cc12m)] caption->tok_normal@224": 6.867139281556248,
    "[X-Task Eval (cc12m)] caption->tok_rgb@224": 8.435259561378736,
    "[X-Task Eval (cc12m)] caption->tok_semseg@224": 5.510324384552983,
    "[X-Task Eval (cc12m)] det->caption": 2.431064344395083,
    "[X-Task Eval (cc12m)] det->tok_clip@224": 7.075822309564097,
    "[X-Task Eval (cc12m)] det->tok_depth@224": 6.161781829195663,
    "[X-Task Eval (cc12m)] det->tok_normal@224": 6.793800501206431,
    "[X-Task Eval (cc12m)] det->tok_rgb@224": 8.38390816305392,
    "[X-Task Eval (cc12m)] det->tok_semseg@224": 5.39648509330262,
    "[X-Task Eval (cc12m)] rgb@224->caption": 2.236943395945211,
    "[X-Task Eval (cc12m)] rgb@224->det": 2.125982897826277,
    "[X-Task Eval (cc12m)] rgb@224->tok_clip@224": 5.789724041859563,
    "[X-Task Eval (cc12m)] rgb@224->tok_depth@224": 5.291862138353598,
    "[X-Task Eval (cc12m)] rgb@224->tok_normal@224": 5.897133695812652,
    "[X-Task Eval (cc12m)] rgb@224->tok_semseg@224": 4.734115323129172,
    "[X-Task Eval (cc12m)] tok_clip@224->caption": 2.1940572818342488,
    "[X-Task Eval (cc12m)] tok_clip@224->det": 2.342218804378479,
    "[X-Task Eval (cc12m)] tok_clip@224->tok_depth@224": 5.806404627550143,
    "[X-Task Eval (cc12m)] tok_clip@224->tok_normal@224": 6.4541209292487975,
    "[X-Task Eval (cc12m)] tok_clip@224->tok_rgb@224": 7.858153486023315,
    "[X-Task Eval (cc12m)] tok_clip@224->tok_semseg@224": 5.112402302959857,
    "[X-Task Eval (cc12m)] tok_depth@224->caption": 2.3146397124845,
    "[X-Task Eval (cc12m)] tok_depth@224->det": 2.432735925117811,
    "[X-Task Eval (cc12m)] tok_depth@224->tok_clip@224": 6.810182856104245,
    "[X-Task Eval (cc12m)] tok_depth@224->tok_normal@224": 6.357759157118325,
    "[X-Task Eval (cc12m)] tok_depth@224->tok_rgb@224": 8.070404213267013,
    "[X-Task Eval (cc12m)] tok_depth@224->tok_semseg@224": 5.0768219279214595,
    "[X-Task Eval (cc12m)] tok_normal@224->caption": 2.2986731657300132,
    "[X-Task Eval (cc12m)] tok_normal@224->det": 2.4179929392025494,
    "[X-Task Eval (cc12m)] tok_normal@224->tok_clip@224": 6.777151948918169,
    "[X-Task Eval (cc12m)] tok_normal@224->tok_depth@224": 5.633121361747717,
    "[X-Task Eval (cc12m)] tok_normal@224->tok_rgb@224": 8.004175246523593,
    "[X-Task Eval (cc12m)] tok_normal@224->tok_semseg@224": 5.110276689735084,
    "[X-Task Eval (cc12m)] tok_rgb@224->caption": 2.2723844391278947,
    "[X-Task Eval (cc12m)] tok_rgb@224->det": 2.4638772934389572,
    "[X-Task Eval (cc12m)] tok_rgb@224->tok_clip@224": 6.515028524893922,
    "[X-Task Eval (cc12m)] tok_rgb@224->tok_depth@224": 5.722126102866456,
    "[X-Task Eval (cc12m)] tok_rgb@224->tok_normal@224": 6.3438987352977545,
    "[X-Task Eval (cc12m)] tok_rgb@224->tok_semseg@224": 5.063571051001168,
    "[X-Task Eval (cc12m)] tok_semseg@224->caption": 2.3143054177395452,
    "[X-Task Eval (cc12m)] tok_semseg@224->det": 2.202953595084885,
    "[X-Task Eval (cc12m)] tok_semseg@224->tok_clip@224": 6.828779351025725,
    "[X-Task Eval (cc12m)] tok_semseg@224->tok_depth@224": 5.771049302606918,
    "[X-Task Eval (cc12m)] tok_semseg@224->tok_normal@224": 6.508499259956348,
    "[X-Task Eval (cc12m)] tok_semseg@224->tok_rgb@224": 8.101139286836496
}