{
    "[X-Task Eval (cc12m)] loss": 5.308145438853544,
    "[X-Task Eval (cc12m)] caption->det": 10.257419810127526,
    "[X-Task Eval (cc12m)] caption->tok_clip@224": 9.096703166017136,
    "[X-Task Eval (cc12m)] caption->tok_depth@224": 9.09850120849122,
    "[X-Task Eval (cc12m)] caption->tok_normal@224": 9.09240938070864,
    "[X-Task Eval (cc12m)] caption->tok_rgb@224": 9.747594745776142,
    "[X-Task Eval (cc12m)] caption->tok_semseg@224": 8.465392992519343,
    "[X-Task Eval (cc12m)] det->caption": 10.378919367592175,
    "[X-Task Eval (cc12m)] det->tok_clip@224": 9.096459026153857,
    "[X-Task Eval (cc12m)] det->tok_depth@224": 9.098891853905334,
    "[X-Task Eval (cc12m)] det->tok_normal@224": 9.086990552969253,
    "[X-Task Eval (cc12m)] det->tok_rgb@224": 9.747434015852956,
    "[X-Task Eval (cc12m)] det->tok_semseg@224": 8.453337501032284,
    "[X-Task Eval (cc12m)] rgb@224->caption": 10.343703309567973,
    "[X-Task Eval (cc12m)] rgb@224->det": 10.291030439705894,
    "[X-Task Eval (cc12m)] rgb@224->tok_clip@224": 9.096235219662944,
    "[X-Task Eval (cc12m)] rgb@224->tok_depth@224": 9.09921171566168,
    "[X-Task Eval (cc12m)] rgb@224->tok_normal@224": 9.094587091439829,
    "[X-Task Eval (cc12m)] rgb@224->tok_semseg@224": 8.485458556836406,
    "[X-Task Eval (cc12m)] tok_clip@224->caption": 10.333130007734695,
    "[X-Task Eval (cc12m)] tok_clip@224->det": 10.31345425474758,
    "[X-Task Eval (cc12m)] tok_clip@224->tok_depth@224": 9.09965962723802,
    "[X-Task Eval (cc12m)] tok_clip@224->tok_normal@224": 9.083320974161069,
    "[X-Task Eval (cc12m)] tok_clip@224->tok_rgb@224": 9.74761328605798,
    "[X-Task Eval (cc12m)] tok_clip@224->tok_semseg@224": 8.445391461491203,
    "[X-Task Eval (cc12m)] tok_depth@224->caption": 10.335017246941026,
    "[X-Task Eval (cc12m)] tok_depth@224->det": 10.314525611865253,
    "[X-Task Eval (cc12m)] tok_depth@224->tok_clip@224": 9.096230236486123,
    "[X-Task Eval (cc12m)] tok_depth@224->tok_normal@224": 9.084617899629636,
    "[X-Task Eval (cc12m)] tok_depth@224->tok_rgb@224": 9.747484082231125,
    "[X-Task Eval (cc12m)] tok_depth@224->tok_semseg@224": 8.447618796040837,
    "[X-Task Eval (cc12m)] tok_normal@224->caption": 10.335301511965621,
    "[X-Task Eval (cc12m)] tok_normal@224->det": 10.316122948552092,
    "[X-Task Eval (cc12m)] tok_normal@224->tok_clip@224": 9.096300128930674,
    "[X-Task Eval (cc12m)] tok_normal@224->tok_depth@224": 9.099593898358817,
    "[X-Task Eval (cc12m)] tok_normal@224->tok_rgb@224": 9.747601417687754,
    "[X-Task Eval (cc12m)] tok_normal@224->tok_semseg@224": 8.44688335241982,
    "[X-Task Eval (cc12m)] tok_rgb@224->caption": 10.334319587713614,
    "[X-Task Eval (cc12m)] tok_rgb@224->det": 10.313220683759013,
    "[X-Task Eval (cc12m)] tok_rgb@224->tok_clip@224": 9.096727848052979,
    "[X-Task Eval (cc12m)] tok_rgb@224->tok_depth@224": 9.099206897778252,
    "[X-Task Eval (cc12m)] tok_rgb@224->tok_normal@224": 9.083238360980829,
    "[X-Task Eval (cc12m)] tok_rgb@224->tok_semseg@224": 8.446962987272123,
    "[X-Task Eval (cc12m)] tok_semseg@224->caption": 10.335973022844845,
    "[X-Task Eval (cc12m)] tok_semseg@224->det": 10.313829568247444,
    "[X-Task Eval (cc12m)] tok_semseg@224->tok_clip@224": 9.09641112839452,
    "[X-Task Eval (cc12m)] tok_semseg@224->tok_depth@224": 9.099823141250367,
    "[X-Task Eval (cc12m)] tok_semseg@224->tok_normal@224": 9.084304644276921,
    "[X-Task Eval (cc12m)] tok_semseg@224->tok_rgb@224": 9.747571229934692
}