{
    "[X-Task Eval (cc12m)] loss": 3.1916199857081438,
    "[X-Task Eval (cc12m)] caption->det": 3.1335639231882917,
    "[X-Task Eval (cc12m)] caption->tok_clip@224": 7.461780130291899,
    "[X-Task Eval (cc12m)] caption->tok_depth@224": 6.590909141321152,
    "[X-Task Eval (cc12m)] caption->tok_normal@224": 7.060641140602648,
    "[X-Task Eval (cc12m)] caption->tok_rgb@224": 8.640020082552974,
    "[X-Task Eval (cc12m)] caption->tok_semseg@224": 6.093207012731046,
    "[X-Task Eval (cc12m)] det->caption": 3.288165867328644,
    "[X-Task Eval (cc12m)] det->tok_clip@224": 7.372943704501509,
    "[X-Task Eval (cc12m)] det->tok_depth@224": 6.490097561202491,
    "[X-Task Eval (cc12m)] det->tok_normal@224": 6.974954281371241,
    "[X-Task Eval (cc12m)] det->tok_rgb@224": 8.591371684790419,
    "[X-Task Eval (cc12m)] det->tok_semseg@224": 5.9596097602630955,
    "[X-Task Eval (cc12m)] rgb@224->caption": 3.2670048444796675,
    "[X-Task Eval (cc12m)] rgb@224->det": 2.949195491524931,
    "[X-Task Eval (cc12m)] rgb@224->tok_clip@224": 6.589822887612608,
    "[X-Task Eval (cc12m)] rgb@224->tok_depth@224": 6.034076445018902,
    "[X-Task Eval (cc12m)] rgb@224->tok_normal@224": 6.486799720758066,
    "[X-Task Eval (cc12m)] rgb@224->tok_semseg@224": 5.608487956440106,
    "[X-Task Eval (cc12m)] tok_clip@224->caption": 3.0653807378043765,
    "[X-Task Eval (cc12m)] tok_clip@224->det": 2.80591403019314,
    "[X-Task Eval (cc12m)] tok_clip@224->tok_depth@224": 6.2631532978325986,
    "[X-Task Eval (cc12m)] tok_clip@224->tok_normal@224": 6.728461337546571,
    "[X-Task Eval (cc12m)] tok_clip@224->tok_rgb@224": 8.233831231586468,
    "[X-Task Eval (cc12m)] tok_clip@224->tok_semseg@224": 5.779077914957041,
    "[X-Task Eval (cc12m)] tok_depth@224->caption": 3.149939333478483,
    "[X-Task Eval (cc12m)] tok_depth@224->det": 2.9268729031657257,
    "[X-Task Eval (cc12m)] tok_depth@224->tok_clip@224": 7.1876057908177,
    "[X-Task Eval (cc12m)] tok_depth@224->tok_normal@224": 6.687534077098956,
    "[X-Task Eval (cc12m)] tok_depth@224->tok_rgb@224": 8.395930513406332,
    "[X-Task Eval (cc12m)] tok_depth@224->tok_semseg@224": 5.7945533868984676,
    "[X-Task Eval (cc12m)] tok_normal@224->caption": 3.1414681206496,
    "[X-Task Eval (cc12m)] tok_normal@224->det": 2.9286008237268977,
    "[X-Task Eval (cc12m)] tok_normal@224->tok_clip@224": 7.170243232394941,
    "[X-Task Eval (cc12m)] tok_normal@224->tok_depth@224": 6.166785774901271,
    "[X-Task Eval (cc12m)] tok_normal@224->tok_rgb@224": 8.353741660666541,
    "[X-Task Eval (cc12m)] tok_normal@224->tok_semseg@224": 5.808603066986742,
    "[X-Task Eval (cc12m)] tok_rgb@224->caption": 3.146063315030485,
    "[X-Task Eval (cc12m)] tok_rgb@224->det": 2.98975183883795,
    "[X-Task Eval (cc12m)] tok_rgb@224->tok_clip@224": 6.950406095471245,
    "[X-Task Eval (cc12m)] tok_rgb@224->tok_depth@224": 6.25021475953416,
    "[X-Task Eval (cc12m)] tok_rgb@224->tok_normal@224": 6.699722670708982,
    "[X-Task Eval (cc12m)] tok_rgb@224->tok_semseg@224": 5.805713529784839,
    "[X-Task Eval (cc12m)] tok_semseg@224->caption": 3.114477764303311,
    "[X-Task Eval (cc12m)] tok_semseg@224->det": 2.7472954345777776,
    "[X-Task Eval (cc12m)] tok_semseg@224->tok_clip@224": 7.181886138626561,
    "[X-Task Eval (cc12m)] tok_semseg@224->tok_depth@224": 6.229394859780138,
    "[X-Task Eval (cc12m)] tok_semseg@224->tok_normal@224": 6.7828000707748215,
    "[X-Task Eval (cc12m)] tok_semseg@224->tok_rgb@224": 8.382055934625692
}