{
    "[X-Task Eval (cc12m)] loss": 2.9095843386627074,
    "[X-Task Eval (cc12m)] caption->det": 2.8913504039517606,
    "[X-Task Eval (cc12m)] caption->tok_clip@224": 7.126522402793835,
    "[X-Task Eval (cc12m)] caption->tok_depth@224": 6.240673258662604,
    "[X-Task Eval (cc12m)] caption->tok_normal@224": 6.858736224067859,
    "[X-Task Eval (cc12m)] caption->tok_rgb@224": 8.436138450908965,
    "[X-Task Eval (cc12m)] caption->tok_semseg@224": 5.507731559558417,
    "[X-Task Eval (cc12m)] det->caption": 2.412116224202104,
    "[X-Task Eval (cc12m)] det->tok_clip@224": 7.071519599555018,
    "[X-Task Eval (cc12m)] det->tok_depth@224": 6.159584899679921,
    "[X-Task Eval (cc12m)] det->tok_normal@224": 6.787857362256644,
    "[X-Task Eval (cc12m)] det->tok_rgb@224": 8.386582945482418,
    "[X-Task Eval (cc12m)] det->tok_semseg@224": 5.399093059495615,
    "[X-Task Eval (cc12m)] rgb@224->caption": 2.311071340268412,
    "[X-Task Eval (cc12m)] rgb@224->det": 2.2255293491739816,
    "[X-Task Eval (cc12m)] rgb@224->tok_clip@224": 5.900286406754685,
    "[X-Task Eval (cc12m)] rgb@224->tok_depth@224": 5.371137816685076,
    "[X-Task Eval (cc12m)] rgb@224->tok_normal@224": 5.971171040885364,
    "[X-Task Eval (cc12m)] rgb@224->tok_semseg@224": 4.85265425542673,
    "[X-Task Eval (cc12m)] tok_clip@224->caption": 2.259458921111811,
    "[X-Task Eval (cc12m)] tok_clip@224->det": 2.3666032515585234,
    "[X-Task Eval (cc12m)] tok_clip@224->tok_depth@224": 5.884085795749871,
    "[X-Task Eval (cc12m)] tok_clip@224->tok_normal@224": 6.495904537435537,
    "[X-Task Eval (cc12m)] tok_clip@224->tok_rgb@224": 7.907987504340589,
    "[X-Task Eval (cc12m)] tok_clip@224->tok_semseg@224": 5.190346590055825,
    "[X-Task Eval (cc12m)] tok_depth@224->caption": 2.4099519662201976,
    "[X-Task Eval (cc12m)] tok_depth@224->det": 2.460614402596943,
    "[X-Task Eval (cc12m)] tok_depth@224->tok_clip@224": 6.854691262443225,
    "[X-Task Eval (cc12m)] tok_depth@224->tok_normal@224": 6.4022393603675285,
    "[X-Task Eval (cc12m)] tok_depth@224->tok_rgb@224": 8.11693244544081,
    "[X-Task Eval (cc12m)] tok_depth@224->tok_semseg@224": 5.144778871688599,
    "[X-Task Eval (cc12m)] tok_normal@224->caption": 2.3712343849694006,
    "[X-Task Eval (cc12m)] tok_normal@224->det": 2.4765373360329925,
    "[X-Task Eval (cc12m)] tok_normal@224->tok_clip@224": 6.810769117297456,
    "[X-Task Eval (cc12m)] tok_normal@224->tok_depth@224": 5.703762616212376,
    "[X-Task Eval (cc12m)] tok_normal@224->tok_rgb@224": 8.040491612193684,
    "[X-Task Eval (cc12m)] tok_normal@224->tok_semseg@224": 5.188370426241963,
    "[X-Task Eval (cc12m)] tok_rgb@224->caption": 2.335840406318823,
    "[X-Task Eval (cc12m)] tok_rgb@224->det": 2.5134894427019185,
    "[X-Task Eval (cc12m)] tok_rgb@224->tok_clip@224": 6.537482740780035,
    "[X-Task Eval (cc12m)] tok_rgb@224->tok_depth@224": 5.782595546862569,
    "[X-Task Eval (cc12m)] tok_rgb@224->tok_normal@224": 6.370080082942121,
    "[X-Task Eval (cc12m)] tok_rgb@224->tok_semseg@224": 5.130302958214245,
    "[X-Task Eval (cc12m)] tok_semseg@224->caption": 2.362047786148973,
    "[X-Task Eval (cc12m)] tok_semseg@224->det": 2.265984536550296,
    "[X-Task Eval (cc12m)] tok_semseg@224->tok_clip@224": 6.869748649505762,
    "[X-Task Eval (cc12m)] tok_semseg@224->tok_depth@224": 5.839717068992103,
    "[X-Task Eval (cc12m)] tok_semseg@224->tok_normal@224": 6.545414027314598,
    "[X-Task Eval (cc12m)] tok_semseg@224->tok_rgb@224": 8.14102605432748
}