{
  "mode": "fixed_model_shifted",
  "formula": "L(D) = E + B / (D + C)^beta",
  "huber_loss": 2.336545004613123e-05,
  "parameters": {
    "E": 5.219848894344276,
    "B": 162754.79141900392,
    "beta": 0.5219627092614506,
    "C": 1014638966.8358179
  },
  "data": "/mnt/vilab/scratch/ali/multimodal-datasets-project/fourm-df/tools/scaling_laws/results/4m-s_cc12m_mod7/csvs/det_to_tok_semseg@224.csv",
  "fit_config": {
    "grid_size": 100,
    "delta": 0.001,
    "seed": 42
  },
  "n_zero_tokens": 1,
  "L_at_D_0": 8.460072729847106
}
