{
    "[X-Task Eval (cc12m)] loss": 2.872895577998834,
    "[X-Task Eval (cc12m)] caption->det": 2.881569740871271,
    "[X-Task Eval (cc12m)] caption->tok_clip@224": 7.038160885865696,
    "[X-Task Eval (cc12m)] caption->tok_depth@224": 6.134448944189297,
    "[X-Task Eval (cc12m)] caption->tok_normal@224": 6.804049464460379,
    "[X-Task Eval (cc12m)] caption->tok_rgb@224": 8.367572876592034,
    "[X-Task Eval (cc12m)] caption->tok_semseg@224": 5.417456035796826,
    "[X-Task Eval (cc12m)] det->caption": 2.668956936453097,
    "[X-Task Eval (cc12m)] det->tok_clip@224": 6.991965401286896,
    "[X-Task Eval (cc12m)] det->tok_depth@224": 6.050476367481219,
    "[X-Task Eval (cc12m)] det->tok_normal@224": 6.729322975435958,
    "[X-Task Eval (cc12m)] det->tok_rgb@224": 8.319030103211205,
    "[X-Task Eval (cc12m)] det->tok_semseg@224": 5.288753674624446,
    "[X-Task Eval (cc12m)] rgb@224->caption": 2.6141948799927013,
    "[X-Task Eval (cc12m)] rgb@224->det": 2.178675254217733,
    "[X-Task Eval (cc12m)] rgb@224->tok_clip@224": 5.607949082082072,
    "[X-Task Eval (cc12m)] rgb@224->tok_depth@224": 5.121643216465228,
    "[X-Task Eval (cc12m)] rgb@224->tok_normal@224": 5.767048497931264,
    "[X-Task Eval (cc12m)] rgb@224->tok_semseg@224": 4.581773693759601,
    "[X-Task Eval (cc12m)] tok_clip@224->caption": 2.575748207850959,
    "[X-Task Eval (cc12m)] tok_clip@224->det": 2.5508445874570658,
    "[X-Task Eval (cc12m)] tok_clip@224->tok_depth@224": 5.694984779571192,
    "[X-Task Eval (cc12m)] tok_clip@224->tok_normal@224": 6.364038287641141,
    "[X-Task Eval (cc12m)] tok_clip@224->tok_rgb@224": 7.740509124990469,
    "[X-Task Eval (cc12m)] tok_clip@224->tok_semseg@224": 5.003515986969677,
    "[X-Task Eval (cc12m)] tok_depth@224->caption": 2.6655581103155788,
    "[X-Task Eval (cc12m)] tok_depth@224->det": 2.5379180392137353,
    "[X-Task Eval (cc12m)] tok_depth@224->tok_clip@224": 6.705469749986935,
    "[X-Task Eval (cc12m)] tok_depth@224->tok_normal@224": 6.268914114933806,
    "[X-Task Eval (cc12m)] tok_depth@224->tok_rgb@224": 7.952824194972127,
    "[X-Task Eval (cc12m)] tok_depth@224->tok_semseg@224": 4.967586129618148,
    "[X-Task Eval (cc12m)] tok_normal@224->caption": 2.6550129642501807,
    "[X-Task Eval (cc12m)] tok_normal@224->det": 2.5546353813558342,
    "[X-Task Eval (cc12m)] tok_normal@224->tok_clip@224": 6.663008658649822,
    "[X-Task Eval (cc12m)] tok_normal@224->tok_depth@224": 5.501673721657775,
    "[X-Task Eval (cc12m)] tok_normal@224->tok_rgb@224": 7.883481069113881,
    "[X-Task Eval (cc12m)] tok_normal@224->tok_semseg@224": 4.9759299850311525,
    "[X-Task Eval (cc12m)] tok_rgb@224->caption": 2.6363464602456688,
    "[X-Task Eval (cc12m)] tok_rgb@224->det": 2.572815728073303,
    "[X-Task Eval (cc12m)] tok_rgb@224->tok_clip@224": 6.365223910100163,
    "[X-Task Eval (cc12m)] tok_rgb@224->tok_depth@224": 5.571307642010455,
    "[X-Task Eval (cc12m)] tok_rgb@224->tok_normal@224": 6.218590266597919,
    "[X-Task Eval (cc12m)] tok_rgb@224->tok_semseg@224": 4.938039420130916,
    "[X-Task Eval (cc12m)] tok_semseg@224->caption": 2.6539970644937156,
    "[X-Task Eval (cc12m)] tok_semseg@224->det": 2.328892703730458,
    "[X-Task Eval (cc12m)] tok_semseg@224->tok_clip@224": 6.73578873267189,
    "[X-Task Eval (cc12m)] tok_semseg@224->tok_depth@224": 5.648540593564701,
    "[X-Task Eval (cc12m)] tok_semseg@224->tok_normal@224": 6.42656477190816,
    "[X-Task Eval (cc12m)] tok_semseg@224->tok_rgb@224": 8.005882445615702
}