{
  "mode": "fixed_model_shifted",
  "formula": "L(D) = E + B / (D + C)^beta",
  "huber_loss": 1.1626503831166815e-05,
  "parameters": {
    "E": 6.138901817083023,
    "B": 4546.027010852106,
    "beta": 0.37554071535100664,
    "C": 315787903.18182874
  },
  "data": "/mnt/vilab/scratch/ali/multimodal-datasets-project/fourm-df/tools/scaling_laws/results/4m-s_cc12m_mod7/csvs/tok_depth@224_to_tok_normal@224.csv",
  "fit_config": {
    "grid_size": 100,
    "delta": 0.001,
    "seed": 42
  },
  "n_zero_tokens": 1,
  "L_at_D_0": 9.061458544198285
}
