{
  "mode": "fixed_model_shifted",
  "formula": "L(D) = E + B / (D + C)^beta",
  "huber_loss": 2.2135781763465216e-05,
  "parameters": {
    "E": 6.924493743337891,
    "B": 162754.79141900392,
    "beta": 0.5290191774199567,
    "C": 1673693611.772599
  },
  "data": "/mnt/vilab/scratch/ali/multimodal-datasets-project/fourm-df/tools/scaling_laws/results/4m-s_cc12m_mod7/csvs/det_to_tok_clip@224.csv",
  "fit_config": {
    "grid_size": 100,
    "delta": 0.001,
    "seed": 42
  },
  "n_zero_tokens": 1,
  "L_at_D_0": 9.072484036720644
}
