{
  "mode": "fixed_model_shifted",
  "formula": "L(D) = E + B / (D + C)^beta",
  "huber_loss": 0.00010004532321898217,
  "parameters": {
    "E": 4.450523138601984,
    "B": 162754.79141900392,
    "beta": 0.49449867153951843,
    "C": 2102089444.1758437
  },
  "data": "/mnt/vilab/scratch/ali/multimodal-datasets-project/fourm-df/tools/scaling_laws/results/4m-b_cc12m_mod7/csvs/tok_clip@224_to_tok_semseg@224.csv",
  "fit_config": {
    "grid_size": 100,
    "delta": 0.001,
    "seed": 42
  },
  "n_zero_tokens": 1,
  "L_at_D_0": 8.44532417135133
}
