{
  "mode": "fixed_model_shifted",
  "formula": "L(D) = E + B / (D + C)^beta",
  "huber_loss": 1.430939298650415e-06,
  "parameters": {
    "E": 8.377353843585485,
    "B": 162754.79141900392,
    "beta": 0.5644038093390417,
    "C": 998914220.1367996
  },
  "data": "/mnt/vilab/scratch/ali/multimodal-datasets-project/fourm-df/tools/scaling_laws/results/4m-s_cc12m_mod7/csvs/caption_to_tok_rgb@224.csv",
  "fit_config": {
    "grid_size": 100,
    "delta": 0.001,
    "seed": 42
  },
  "n_zero_tokens": 1,
  "L_at_D_0": 9.733060682842716
}
