{
  "mode": "fixed_model_shifted",
  "formula": "L(D) = E + B / (D + C)^beta",
  "huber_loss": 1.7226840231571895e-05,
  "parameters": {
    "E": 5.452007822924323,
    "B": 3714.760550857702,
    "beta": 0.3534751176585022,
    "C": 330633561.63237125
  },
  "data": "/mnt/vilab/scratch/ali/multimodal-datasets-project/fourm-df/tools/scaling_laws/results/4m-s_cc12m_mod7/csvs/tok_semseg@224_to_tok_depth@224.csv",
  "fit_config": {
    "grid_size": 100,
    "delta": 0.001,
    "seed": 42
  },
  "n_zero_tokens": 1,
  "L_at_D_0": 9.070716856018336
}
