{
    "[X-Task Eval (cc12m)] loss": 3.5979468375632857,
    "[X-Task Eval (cc12m)] caption->det": 4.457575785180631,
    "[X-Task Eval (cc12m)] caption->tok_clip@224": 7.963575370205096,
    "[X-Task Eval (cc12m)] caption->tok_depth@224": 6.9633521153904,
    "[X-Task Eval (cc12m)] caption->tok_normal@224": 7.307822408386693,
    "[X-Task Eval (cc12m)] caption->tok_rgb@224": 8.870080310315752,
    "[X-Task Eval (cc12m)] caption->tok_semseg@224": 6.501792648348945,
    "[X-Task Eval (cc12m)] det->caption": 4.851608508692001,
    "[X-Task Eval (cc12m)] det->tok_clip@224": 7.963258524291431,
    "[X-Task Eval (cc12m)] det->tok_depth@224": 6.959491482938821,
    "[X-Task Eval (cc12m)] det->tok_normal@224": 7.302448549971413,
    "[X-Task Eval (cc12m)] det->tok_rgb@224": 8.874296684234668,
    "[X-Task Eval (cc12m)] det->tok_semseg@224": 6.501814872883379,
    "[X-Task Eval (cc12m)] rgb@224->caption": 4.991793687541644,
    "[X-Task Eval (cc12m)] rgb@224->det": 4.204018096954297,
    "[X-Task Eval (cc12m)] rgb@224->tok_clip@224": 7.497241441624614,
    "[X-Task Eval (cc12m)] rgb@224->tok_depth@224": 6.783066552096662,
    "[X-Task Eval (cc12m)] rgb@224->tok_normal@224": 7.086965123875834,
    "[X-Task Eval (cc12m)] rgb@224->tok_semseg@224": 6.296115350418578,
    "[X-Task Eval (cc12m)] tok_clip@224->caption": 4.329388922491012,
    "[X-Task Eval (cc12m)] tok_clip@224->det": 3.393166997705024,
    "[X-Task Eval (cc12m)] tok_clip@224->tok_depth@224": 6.798529636936066,
    "[X-Task Eval (cc12m)] tok_clip@224->tok_normal@224": 7.150372831966169,
    "[X-Task Eval (cc12m)] tok_clip@224->tok_rgb@224": 8.677963480591393,
    "[X-Task Eval (cc12m)] tok_clip@224->tok_semseg@224": 6.343834566803405,
    "[X-Task Eval (cc12m)] tok_depth@224->caption": 4.4449559053102625,
    "[X-Task Eval (cc12m)] tok_depth@224->det": 3.5189901197108977,
    "[X-Task Eval (cc12m)] tok_depth@224->tok_clip@224": 7.844097071752762,
    "[X-Task Eval (cc12m)] tok_depth@224->tok_normal@224": 7.152046220180707,
    "[X-Task Eval (cc12m)] tok_depth@224->tok_rgb@224": 8.802129206185143,
    "[X-Task Eval (cc12m)] tok_depth@224->tok_semseg@224": 6.390721547717865,
    "[X-Task Eval (cc12m)] tok_normal@224->caption": 4.424019836770079,
    "[X-Task Eval (cc12m)] tok_normal@224->det": 3.5114320292354773,
    "[X-Task Eval (cc12m)] tok_normal@224->tok_clip@224": 7.842830996734266,
    "[X-Task Eval (cc12m)] tok_normal@224->tok_depth@224": 6.820281129485121,
    "[X-Task Eval (cc12m)] tok_normal@224->tok_rgb@224": 8.78950712360894,
    "[X-Task Eval (cc12m)] tok_normal@224->tok_semseg@224": 6.412039251563648,
    "[X-Task Eval (cc12m)] tok_rgb@224->caption": 4.433192381367516,
    "[X-Task Eval (cc12m)] tok_rgb@224->det": 3.5351924888623025,
    "[X-Task Eval (cc12m)] tok_rgb@224->tok_clip@224": 7.745855636490039,
    "[X-Task Eval (cc12m)] tok_rgb@224->tok_depth@224": 6.867836118696597,
    "[X-Task Eval (cc12m)] tok_rgb@224->tok_normal@224": 7.201954081987801,
    "[X-Task Eval (cc12m)] tok_rgb@224->tok_semseg@224": 6.417667601436091,
    "[X-Task Eval (cc12m)] tok_semseg@224->caption": 4.405537960628351,
    "[X-Task Eval (cc12m)] tok_semseg@224->det": 3.401882752442893,
    "[X-Task Eval (cc12m)] tok_semseg@224->tok_clip@224": 7.783899958522175,
    "[X-Task Eval (cc12m)] tok_semseg@224->tok_depth@224": 6.807404550500571,
    "[X-Task Eval (cc12m)] tok_semseg@224->tok_normal@224": 7.158711821697771,
    "[X-Task Eval (cc12m)] tok_semseg@224->tok_rgb@224": 8.761936412832608
}