{
    "[X-Task Eval (cc12m)] loss": 2.90947190290555,
    "[X-Task Eval (cc12m)] caption->det": 2.897123757642679,
    "[X-Task Eval (cc12m)] caption->tok_clip@224": 7.126205673804298,
    "[X-Task Eval (cc12m)] caption->tok_depth@224": 6.2393193389661015,
    "[X-Task Eval (cc12m)] caption->tok_normal@224": 6.864683084023265,
    "[X-Task Eval (cc12m)] caption->tok_rgb@224": 8.43391220085918,
    "[X-Task Eval (cc12m)] caption->tok_semseg@224": 5.514147490929491,
    "[X-Task Eval (cc12m)] det->caption": 2.4105466522347814,
    "[X-Task Eval (cc12m)] det->tok_clip@224": 7.070671675875545,
    "[X-Task Eval (cc12m)] det->tok_depth@224": 6.1615133725416165,
    "[X-Task Eval (cc12m)] det->tok_normal@224": 6.790672597032005,
    "[X-Task Eval (cc12m)] det->tok_rgb@224": 8.385293828793609,
    "[X-Task Eval (cc12m)] det->tok_semseg@224": 5.394653207292191,
    "[X-Task Eval (cc12m)] rgb@224->caption": 2.310701113015699,
    "[X-Task Eval (cc12m)] rgb@224->det": 2.225827414720965,
    "[X-Task Eval (cc12m)] rgb@224->tok_clip@224": 5.901343003058205,
    "[X-Task Eval (cc12m)] rgb@224->tok_depth@224": 5.369604729806272,
    "[X-Task Eval (cc12m)] rgb@224->tok_normal@224": 5.969418000489378,
    "[X-Task Eval (cc12m)] rgb@224->tok_semseg@224": 4.850006900180262,
    "[X-Task Eval (cc12m)] tok_clip@224->caption": 2.2543779128847032,
    "[X-Task Eval (cc12m)] tok_clip@224->det": 2.3690975257954277,
    "[X-Task Eval (cc12m)] tok_clip@224->tok_depth@224": 5.884519282050026,
    "[X-Task Eval (cc12m)] tok_clip@224->tok_normal@224": 6.4964383811996385,
    "[X-Task Eval (cc12m)] tok_clip@224->tok_rgb@224": 7.905148004190609,
    "[X-Task Eval (cc12m)] tok_clip@224->tok_semseg@224": 5.192867580027626,
    "[X-Task Eval (cc12m)] tok_depth@224->caption": 2.4090778303984255,
    "[X-Task Eval (cc12m)] tok_depth@224->det": 2.4616443620750696,
    "[X-Task Eval (cc12m)] tok_depth@224->tok_clip@224": 6.855007921735319,
    "[X-Task Eval (cc12m)] tok_depth@224->tok_normal@224": 6.403347754059508,
    "[X-Task Eval (cc12m)] tok_depth@224->tok_rgb@224": 8.115457672661485,
    "[X-Task Eval (cc12m)] tok_depth@224->tok_semseg@224": 5.140392192826865,
    "[X-Task Eval (cc12m)] tok_normal@224->caption": 2.3721849962640493,
    "[X-Task Eval (cc12m)] tok_normal@224->det": 2.475446831470671,
    "[X-Task Eval (cc12m)] tok_normal@224->tok_clip@224": 6.808757713046699,
    "[X-Task Eval (cc12m)] tok_normal@224->tok_depth@224": 5.703679365662341,
    "[X-Task Eval (cc12m)] tok_normal@224->tok_rgb@224": 8.040967862065227,
    "[X-Task Eval (cc12m)] tok_normal@224->tok_semseg@224": 5.185708791112748,
    "[X-Task Eval (cc12m)] tok_rgb@224->caption": 2.3325231711799725,
    "[X-Task Eval (cc12m)] tok_rgb@224->det": 2.513552948404044,
    "[X-Task Eval (cc12m)] tok_rgb@224->tok_clip@224": 6.537056628126686,
    "[X-Task Eval (cc12m)] tok_rgb@224->tok_depth@224": 5.782010657909198,
    "[X-Task Eval (cc12m)] tok_rgb@224->tok_normal@224": 6.371814108313844,
    "[X-Task Eval (cc12m)] tok_rgb@224->tok_semseg@224": 5.13582026349089,
    "[X-Task Eval (cc12m)] tok_semseg@224->caption": 2.3612822959312614,
    "[X-Task Eval (cc12m)] tok_semseg@224->det": 2.265548470778206,
    "[X-Task Eval (cc12m)] tok_semseg@224->tok_clip@224": 6.868316565649197,
    "[X-Task Eval (cc12m)] tok_semseg@224->tok_depth@224": 5.839878085322273,
    "[X-Task Eval (cc12m)] tok_semseg@224->tok_normal@224": 6.545174848728667,
    "[X-Task Eval (cc12m)] tok_semseg@224->tok_rgb@224": 8.139657453035776
}