{
  "mode": "fixed_model_shifted",
  "formula": "L(D) = E + B / (D + C)^beta",
  "huber_loss": 0.00010389037533595722,
  "parameters": {
    "E": 0.3325296878259918,
    "B": 74.3219880750829,
    "beta": 0.1353167621747386,
    "C": 2778557.022814737
  },
  "data": "/mnt/vilab/scratch/ali/multimodal-datasets-project/fourm-df/tools/scaling_laws/results/4m-b_cc12m_mod7/csvs/tok_rgb@224_to_det.csv",
  "fit_config": {
    "grid_size": 100,
    "delta": 0.001,
    "seed": 42
  },
  "n_zero_tokens": 1,
  "L_at_D_0": 10.313219367568028
}
