{
    "[X-Task Eval (cc12m)] loss": 2.909556596296422,
    "[X-Task Eval (cc12m)] caption->det": 2.9056659740761828,
    "[X-Task Eval (cc12m)] caption->tok_clip@224": 7.13641950440483,
    "[X-Task Eval (cc12m)] caption->tok_depth@224": 6.254023839490483,
    "[X-Task Eval (cc12m)] caption->tok_normal@224": 6.872347475050357,
    "[X-Task Eval (cc12m)] caption->tok_rgb@224": 8.443014160322305,
    "[X-Task Eval (cc12m)] caption->tok_semseg@224": 5.528292305362872,
    "[X-Task Eval (cc12m)] det->caption": 2.4503627600380407,
    "[X-Task Eval (cc12m)] det->tok_clip@224": 7.080698011210933,
    "[X-Task Eval (cc12m)] det->tok_depth@224": 6.1707701088902285,
    "[X-Task Eval (cc12m)] det->tok_normal@224": 6.79800338257616,
    "[X-Task Eval (cc12m)] det->tok_rgb@224": 8.392302193961585,
    "[X-Task Eval (cc12m)] det->tok_semseg@224": 5.405167129950021,
    "[X-Task Eval (cc12m)] rgb@224->caption": 2.328044372244765,
    "[X-Task Eval (cc12m)] rgb@224->det": 2.1131224827454114,
    "[X-Task Eval (cc12m)] rgb@224->tok_clip@224": 5.848216214119055,
    "[X-Task Eval (cc12m)] rgb@224->tok_depth@224": 5.375854747363935,
    "[X-Task Eval (cc12m)] rgb@224->tok_normal@224": 5.958365246510734,
    "[X-Task Eval (cc12m)] rgb@224->tok_semseg@224": 4.824913870126675,
    "[X-Task Eval (cc12m)] tok_clip@224->caption": 2.2829114006350215,
    "[X-Task Eval (cc12m)] tok_clip@224->det": 2.3791175043335357,
    "[X-Task Eval (cc12m)] tok_clip@224->tok_depth@224": 5.877670373779516,
    "[X-Task Eval (cc12m)] tok_clip@224->tok_normal@224": 6.497564032816658,
    "[X-Task Eval (cc12m)] tok_clip@224->tok_rgb@224": 7.916183970987606,
    "[X-Task Eval (cc12m)] tok_clip@224->tok_semseg@224": 5.179233611391756,
    "[X-Task Eval (cc12m)] tok_depth@224->caption": 2.412905968559055,
    "[X-Task Eval (cc12m)] tok_depth@224->det": 2.4826311255082154,
    "[X-Task Eval (cc12m)] tok_depth@224->tok_clip@224": 6.855854285410799,
    "[X-Task Eval (cc12m)] tok_depth@224->tok_normal@224": 6.412274388269114,
    "[X-Task Eval (cc12m)] tok_depth@224->tok_rgb@224": 8.125064949638928,
    "[X-Task Eval (cc12m)] tok_depth@224->tok_semseg@224": 5.163043534508147,
    "[X-Task Eval (cc12m)] tok_normal@224->caption": 2.3878775658889317,
    "[X-Task Eval (cc12m)] tok_normal@224->det": 2.4574303764838,
    "[X-Task Eval (cc12m)] tok_normal@224->tok_clip@224": 6.817756289491258,
    "[X-Task Eval (cc12m)] tok_normal@224->tok_depth@224": 5.706112327286229,
    "[X-Task Eval (cc12m)] tok_normal@224->tok_rgb@224": 8.057125582862586,
    "[X-Task Eval (cc12m)] tok_normal@224->tok_semseg@224": 5.177957164022488,
    "[X-Task Eval (cc12m)] tok_rgb@224->caption": 2.3651239743914467,
    "[X-Task Eval (cc12m)] tok_rgb@224->det": 2.505549646033266,
    "[X-Task Eval (cc12m)] tok_rgb@224->tok_clip@224": 6.564001696368757,
    "[X-Task Eval (cc12m)] tok_rgb@224->tok_depth@224": 5.792855078419938,
    "[X-Task Eval (cc12m)] tok_rgb@224->tok_normal@224": 6.392729683044238,
    "[X-Task Eval (cc12m)] tok_rgb@224->tok_semseg@224": 5.133884665112907,
    "[X-Task Eval (cc12m)] tok_semseg@224->caption": 2.4022412557666675,
    "[X-Task Eval (cc12m)] tok_semseg@224->det": 2.241360977292061,
    "[X-Task Eval (cc12m)] tok_semseg@224->tok_clip@224": 6.86755888054546,
    "[X-Task Eval (cc12m)] tok_semseg@224->tok_depth@224": 5.835418286224524,
    "[X-Task Eval (cc12m)] tok_semseg@224->tok_normal@224": 6.547344000385212,
    "[X-Task Eval (cc12m)] tok_semseg@224->tok_rgb@224": 8.14654993744323
}