{
    "[X-Task Eval (cc12m)] loss": 5.300842519417103,
    "[X-Task Eval (cc12m)] caption->det": 10.344434340540975,
    "[X-Task Eval (cc12m)] caption->tok_clip@224": 9.071135229196031,
    "[X-Task Eval (cc12m)] caption->tok_depth@224": 9.073144392464489,
    "[X-Task Eval (cc12m)] caption->tok_normal@224": 9.059772540966923,
    "[X-Task Eval (cc12m)] caption->tok_rgb@224": 9.732998061103943,
    "[X-Task Eval (cc12m)] caption->tok_semseg@224": 8.482053936479952,
    "[X-Task Eval (cc12m)] det->caption": 10.298226540842757,
    "[X-Task Eval (cc12m)] det->tok_clip@224": 9.071670221444517,
    "[X-Task Eval (cc12m)] det->tok_depth@224": 9.072204125194123,
    "[X-Task Eval (cc12m)] det->tok_normal@224": 9.060923103326425,
    "[X-Task Eval (cc12m)] det->tok_rgb@224": 9.733594047375762,
    "[X-Task Eval (cc12m)] det->tok_semseg@224": 8.459630039934153,
    "[X-Task Eval (cc12m)] rgb@224->caption": 10.310488486061463,
    "[X-Task Eval (cc12m)] rgb@224->det": 10.321628932373972,
    "[X-Task Eval (cc12m)] rgb@224->tok_clip@224": 9.07453208761855,
    "[X-Task Eval (cc12m)] rgb@224->tok_depth@224": 9.070442290351794,
    "[X-Task Eval (cc12m)] rgb@224->tok_normal@224": 9.065592050552368,
    "[X-Task Eval (cc12m)] rgb@224->tok_semseg@224": 8.44767907328499,
    "[X-Task Eval (cc12m)] tok_clip@224->caption": 10.327685912196248,
    "[X-Task Eval (cc12m)] tok_clip@224->det": 10.321900028771104,
    "[X-Task Eval (cc12m)] tok_clip@224->tok_depth@224": 9.07038348018171,
    "[X-Task Eval (cc12m)] tok_clip@224->tok_normal@224": 9.061484467868988,
    "[X-Task Eval (cc12m)] tok_clip@224->tok_rgb@224": 9.733966671239834,
    "[X-Task Eval (cc12m)] tok_clip@224->tok_semseg@224": 8.454944712666277,
    "[X-Task Eval (cc12m)] tok_depth@224->caption": 10.32734298934571,
    "[X-Task Eval (cc12m)] tok_depth@224->det": 10.323479748381594,
    "[X-Task Eval (cc12m)] tok_depth@224->tok_clip@224": 9.072013023943185,
    "[X-Task Eval (cc12m)] tok_depth@224->tok_normal@224": 9.061457361276158,
    "[X-Task Eval (cc12m)] tok_depth@224->tok_rgb@224": 9.733738291377838,
    "[X-Task Eval (cc12m)] tok_depth@224->tok_semseg@224": 8.457099454471479,
    "[X-Task Eval (cc12m)] tok_normal@224->caption": 10.327713810978606,
    "[X-Task Eval (cc12m)] tok_normal@224->det": 10.326479658912927,
    "[X-Task Eval (cc12m)] tok_normal@224->tok_clip@224": 9.071947506822337,
    "[X-Task Eval (cc12m)] tok_normal@224->tok_depth@224": 9.070680436996605,
    "[X-Task Eval (cc12m)] tok_normal@224->tok_rgb@224": 9.73362411096835,
    "[X-Task Eval (cc12m)] tok_normal@224->tok_semseg@224": 8.456792530541222,
    "[X-Task Eval (cc12m)] tok_rgb@224->caption": 10.327286000449817,
    "[X-Task Eval (cc12m)] tok_rgb@224->det": 10.326441683327428,
    "[X-Task Eval (cc12m)] tok_rgb@224->tok_clip@224": 9.072020475095073,
    "[X-Task Eval (cc12m)] tok_rgb@224->tok_depth@224": 9.070538626692166,
    "[X-Task Eval (cc12m)] tok_rgb@224->tok_normal@224": 9.061722357052203,
    "[X-Task Eval (cc12m)] tok_rgb@224->tok_semseg@224": 8.460400955364728,
    "[X-Task Eval (cc12m)] tok_semseg@224->caption": 10.328000966733256,
    "[X-Task Eval (cc12m)] tok_semseg@224->det": 10.323499420580392,
    "[X-Task Eval (cc12m)] tok_semseg@224->tok_clip@224": 9.072087910228644,
    "[X-Task Eval (cc12m)] tok_semseg@224->tok_depth@224": 9.070700864060619,
    "[X-Task Eval (cc12m)] tok_semseg@224->tok_normal@224": 9.061217876288076,
    "[X-Task Eval (cc12m)] tok_semseg@224->tok_rgb@224": 9.733718111873054
}